銘柄コード,銘柄名,市場,日付,時刻,始値,高値,安値,終値,出来高,移動平均(5),移動平均(25),移動平均(75),VWAP
58030,フジクラ,東証,2026/4/22,15:27:0,-,-,-,-,0,NaN,NaN,NaN,5857.3542
58030,フジクラ,東証,2026/4/22,15:28:0,-,-,-,-,0,NaN,NaN,NaN,5857.3542
58030,フジクラ,東証,2026/4/22,15:29:0,-,-,-,-,0,NaN,NaN,NaN,5857.3542
58030,フジクラ,東証,2026/4/22,15:30:0,5985,5985,5985,5985,1488200,NaN,NaN,NaN,5861.7793
58030,フジクラ,東証,2026/4/23,9:0:0,-,-,-,-,0,5985.6,NaN,NaN,NaN
58030,フジクラ,東証,2026/4/23,9:1:0,-,-,-,-,0,5985.4,NaN,NaN,NaN
58030,フジクラ,東証,2026/4/23,9:2:0,-,-,-,-,0,5985.2,NaN,NaN,NaN
58030,フジクラ,東証,2026/4/23,9:3:0,6119,6130,6042,6071,2564300,6002.2,NaN,NaN,6104.6661
58030,フジクラ,東証,2026/4/23,9:4:0,6072,6164,6063,6116,1159000,6028.4,NaN,NaN,6112.2215
58030,フジクラ,東証,2026/4/23,9:5:0,6119,6181,6073,6170,1153300,6065.4,NaN,NaN,6115.4697
58030,フジクラ,東証,2026/4/23,9:6:0,6170,6218,6142,6162,1254000,6100.8,NaN,NaN,6128.7093
58030,フジクラ,東証,2026/4/23,9:7:0,6164,6167,6085,6121,847500,6128,NaN,NaN,6127.9912
58030,フジクラ,東証,2026/4/23,9:8:0,6120,6127,6089,6111,529400,6136,NaN,NaN,6126.5397
58030,フジクラ,東証,2026/4/23,9:9:0,6111,6125,6032,6057,736600,6124.2,NaN,NaN,6121.7823
58030,フジクラ,東証,2026/4/23,9:10:0,6056,6067,6031,6050,500700,6100.2,NaN,NaN,6117.5107
58030,フジクラ,東証,2026/4/23,9:11:0,6048,6056,6033,6046,278600,6077,NaN,NaN,6115.2216
58030,フジクラ,東証,2026/4/23,9:12:0,6047,6055,6022,6028,428600,6058.4,NaN,NaN,6111.595
58030,フジクラ,東証,2026/4/23,9:13:0,6027,6042,6005,6007,510300,6037.6,NaN,NaN,6106.9725
58030,フジクラ,東証,2026/4/23,9:14:0,6009,6009,5951,5985,840400,6023.2,NaN,NaN,6097.4426
58030,フジクラ,東証,2026/4/23,9:15:0,5987,5998,5954,5983,536700,6009.8,NaN,NaN,6091.6016
58030,フジクラ,東証,2026/4/23,9:16:0,5984,5987,5944,5964,473500,5993.4,NaN,NaN,6086.4686
58030,フジクラ,東証,2026/4/23,9:17:0,5965,6000,5960,5996,450100,5987,NaN,NaN,6082.7315
58030,フジクラ,東証,2026/4/23,9:18:0,5996,6016,5968,6008,557500,5987.2,NaN,NaN,6079.0703
58030,フジクラ,東証,2026/4/23,9:19:0,6009,6034,6004,6034,434500,5997,NaN,NaN,6077.2067
58030,フジクラ,東証,2026/4/23,9:20:0,6034,6037,6005,6012,385100,6002.8,6032.76,NaN,6075.6969
58030,フジクラ,東証,2026/4/23,9:21:0,6013,6032,5981,5989,328600,6007.8,6032.88,NaN,6074.0186
58030,フジクラ,東証,2026/4/23,9:22:0,5989,6002,5987,5996,166900,6007.8,6033.28,NaN,6073.0716
58030,フジクラ,東証,2026/4/23,9:23:0,5996,6022,5989,6009,234200,6008,6034.2,NaN,6071.9297
58030,フジクラ,東証,2026/4/23,9:24:0,6008,6017,5993,6004,126200,6002,6034.96,NaN,6071.3339
58030,フジクラ,東証,2026/4/23,9:25:0,6005,6024,5999,6010,164300,6001.6,6035.96,NaN,6070.6818
58030,フジクラ,東証,2026/4/23,9:26:0,6011,6018,6006,6016,129600,6007,6037.2,NaN,6070.1672
58030,フジクラ,東証,2026/4/23,9:27:0,6014,6026,6012,6021,192700,6012,6038.64,NaN,6069.5354
58030,フジクラ,東証,2026/4/23,9:28:0,6020,6031,6015,6018,256000,6013.8,6036.52,NaN,6068.7659
58030,フジクラ,東証,2026/4/23,9:29:0,6018,6034,6015,6029,194400,6018.8,6033.04,NaN,6068.2442
58030,フジクラ,東証,2026/4/23,9:30:0,6030,6055,6020,6047,496400,6026.2,6028.12,NaN,6067.4492
58030,フジクラ,東証,2026/4/23,9:31:0,6046,6052,6037,6040,247300,6031,6023.24,NaN,6067.1148
58030,フジクラ,東証,2026/4/23,9:32:0,6040,6044,6007,6023,346000,6031.4,6019.32,NaN,6066.2196
58030,フジクラ,東証,2026/4/23,9:33:0,6023,6047,6023,6033,206800,6034.4,6016.2,NaN,6065.8803
58030,フジクラ,東証,2026/4/23,9:34:0,6033,6033,6019,6030,141400,6034.6,6015.12,NaN,6065.5512
58030,フジクラ,東証,2026/4/23,9:35:0,6031,6034,6007,6011,229400,6027.4,6013.56,NaN,6064.9345
58030,フジクラ,東証,2026/4/23,9:36:0,6011,6021,6010,6019,94800,6023.2,6012.48,NaN,6064.6656
58030,フジクラ,東証,2026/4/23,9:37:0,6018,6029,6015,6018,155400,6022.2,6012.08,NaN,6064.2843
58030,フジクラ,東証,2026/4/23,9:38:0,6018,6022,6002,6013,180300,6018.2,6012.32,NaN,6063.7263
58030,フジクラ,東証,2026/4/23,9:39:0,6014,6026,6008,6020,138600,6016.2,6013.72,NaN,6063.3655
58030,フジクラ,東証,2026/4/23,9:40:0,6019,6033,6008,6032,195500,6020.4,6015.68,NaN,6062.9096
58030,フジクラ,東証,2026/4/23,9:41:0,6032,6045,6029,6045,208200,6025.6,6018.92,NaN,6062.6229
58030,フジクラ,東証,2026/4/23,9:42:0,6045,6052,6034,6046,307400,6031.2,6020.92,NaN,6062.3157
58030,フジクラ,東証,2026/4/23,9:43:0,6046,6065,6043,6060,331500,6040.6,6023,NaN,6062.2077
58030,フジクラ,東証,2026/4/23,9:44:0,6060,6070,6055,6069,236200,6050.4,6024.4,NaN,6062.2142
58030,フジクラ,東証,2026/4/23,9:45:0,6069,6088,6062,6085,357600,6061,6027.32,NaN,6062.5065
58030,フジクラ,東証,2026/4/23,9:46:0,6084,6095,6083,6093,234000,6070.6,6031.48,NaN,6062.8338
58030,フジクラ,東証,2026/4/23,9:47:0,6091,6093,6059,6060,343000,6073.4,6034.04,NaN,6063.0723
58030,フジクラ,東証,2026/4/23,9:48:0,6060,6062,6038,6059,355500,6073.2,6036.04,NaN,6062.8067
58030,フジクラ,東証,2026/4/23,9:49:0,6059,6078,6054,6070,201500,6073.4,6038.68,NaN,6062.8531
58030,フジクラ,東証,2026/4/23,9:50:0,6070,6074,6015,6023,339700,6061,6039.2,NaN,6062.5615
58030,フジクラ,東証,2026/4/23,9:51:0,6023,6039,6021,6037,249500,6049.8,6040.04,NaN,6062.1755
58030,フジクラ,東証,2026/4/23,9:52:0,6036,6037,6021,6026,265000,6043,6040.24,NaN,6061.7539
58030,フジクラ,東証,2026/4/23,9:53:0,6024,6024,6012,6024,193700,6036,6040.48,NaN,6061.362
58030,フジクラ,東証,2026/4/23,9:54:0,6023,6029,6019,6024,130500,6026.8,6040.28,NaN,6061.1363
58030,フジクラ,東証,2026/4/23,9:55:0,6025,6028,6018,6019,96200,6026,6039.16,NaN,6060.9668
58030,フジクラ,東証,2026/4/23,9:56:0,6019,6027,6019,6021,81900,6022.8,6038.4,NaN,6060.8259
58030,フジクラ,東証,2026/4/23,9:57:0,6022,6030,6022,6024,71900,6022.4,6038.44,NaN,6060.7117
58030,フジクラ,東証,2026/4/23,9:58:0,6024,6037,6023,6036,131900,6024.8,6038.56,NaN,6060.5307
58030,フジクラ,東証,2026/4/23,9:59:0,6036,6041,6032,6040,97400,6028,6038.96,NaN,6060.4251
58030,フジクラ,東証,2026/4/23,10:0:0,6041,6041,6022,6029,151900,6030,6039.68,NaN,6060.2165
58030,フジクラ,東証,2026/4/23,10:1:0,6031,6037,6026,6036,96200,6033,6040.36,NaN,6060.0943
58030,フジクラ,東証,2026/4/23,10:2:0,6036,6043,6025,6031,154100,6034.4,6040.88,NaN,6059.9286
58030,フジクラ,東証,2026/4/23,10:3:0,6030,6034,6025,6028,78700,6032.8,6041.48,NaN,6059.8237
58030,フジクラ,東証,2026/4/23,10:4:0,6028,6038,6023,6029,132600,6030.6,6041.84,NaN,6059.6493
58030,フジクラ,東証,2026/4/23,10:5:0,6028,6045,6025,6038,142100,6032.4,6042.08,NaN,6059.5076
58030,フジクラ,東証,2026/4/23,10:6:0,6038,6052,6032,6051,193000,6035.4,6042.32,NaN,6059.3945
58030,フジクラ,東証,2026/4/23,10:7:0,6050,6059,6047,6049,153000,6039,6042.44,NaN,6059.3463
58030,フジクラ,東証,2026/4/23,10:8:0,6050,6053,6035,6052,132400,6043.8,6042.12,NaN,6059.2532
58030,フジクラ,東証,2026/4/23,10:9:0,6052,6052,6042,6050,63000,6048,6041.36,NaN,6059.2245
58030,フジクラ,東証,2026/4/23,10:10:0,6051,6059,6044,6053,123300,6051,6040.08,6033.3867,6059.1857
58030,フジクラ,東証,2026/4/23,10:11:0,6054,6054,6039,6046,144400,6050,6038.2,6034.1867,6059.1012
58030,フジクラ,東証,2026/4/23,10:12:0,6047,6051,6037,6037,88400,6047.6,6037.28,6034.8667,6059.037
58030,フジクラ,東証,2026/4/23,10:13:0,6038,6053,6031,6046,174000,6046.4,6036.76,6035.6667,6058.9205
58030,フジクラ,東証,2026/4/23,10:14:0,6046,6047,6035,6038,96600,6044,6035.48,6036.3733,6058.8529
58030,フジクラ,東証,2026/4/23,10:15:0,6039,6039,6030,6035,101600,6040.4,6035.96,6037.04,6058.7486
58030,フジクラ,東証,2026/4/23,10:16:0,6036,6038,6023,6027,175000,6036.6,6035.56,6037.6,6058.537
58030,フジクラ,東証,2026/4/23,10:17:0,6028,6042,6021,6028,280700,6034.8,6035.64,6038.1733,6058.2461
58030,フジクラ,東証,2026/4/23,10:18:0,6028,6030,6021,6027,59500,6031,6035.76,6037.5867,6058.1654
58030,フジクラ,東証,2026/4/23,10:19:0,6027,6027,6013,6016,225600,6026.6,6035.44,6036.2533,6057.7972
58030,フジクラ,東証,2026/4/23,10:20:0,6015,6016,5992,5994,406900,6018.4,6034.44,6033.9067,6056.8875
58030,フジクラ,東証,2026/4/23,10:21:0,5994,5999,5986,5992,197500,6011.4,6033.28,6031.64,6056.3884
58030,フジクラ,東証,2026/4/23,10:22:0,5991,5991,5966,5977,292000,6001.2,6031.4,6029.72,6055.4736
58030,フジクラ,東証,2026/4/23,10:23:0,5975,5987,5966,5975,145100,5990.8,6028.96,6027.9067,6055.0337
58030,フジクラ,東証,2026/4/23,10:24:0,5976,5983,5966,5968,125400,5981.2,6026.08,6026.72,6054.6492
58030,フジクラ,東証,2026/4/23,10:25:0,5967,5988,5963,5986,192900,5979.6,6024.36,6025.8667,6054.057
58030,フジクラ,東証,2026/4/23,10:26:0,5986,5997,5976,5994,214600,5980,6022.68,6025.1733,6053.5297
58030,フジクラ,東証,2026/4/23,10:27:0,5995,6012,5995,6008,206300,5986.2,6021.76,6024.9067,6053.1499
58030,フジクラ,東証,2026/4/23,10:28:0,6008,6008,5985,5985,171500,5988.2,6020.04,6024.6133,6052.7987
58030,フジクラ,東証,2026/4/23,10:29:0,5986,5987,5946,5954,382300,5985.4,6017.04,6024.2,6051.4869
58030,フジクラ,東証,2026/4/23,10:30:0,5954,5958,5924,5945,378200,5977.2,6013.32,6023.6933,6049.9354
58030,フジクラ,東証,2026/4/23,10:31:0,5946,5975,5945,5958,183000,5970,6009.6,6023.6133,6049.3427
58030,フジクラ,東証,2026/4/23,10:32:0,5957,5972,5944,5951,232000,5958.6,6005.68,6023.0133,6048.6058
58030,フジクラ,東証,2026/4/23,10:33:0,5949,5954,5938,5940,103500,5949.6,6001.2,6022.1067,6048.2216
58030,フジクラ,東証,2026/4/23,10:34:0,5940,5945,5936,5939,99700,5946.6,5996.76,6020.84,6047.8397
58030,フジクラ,東証,2026/4/23,10:35:0,5940,5957,5939,5956,126500,5948.8,5992.88,6020.0933,6047.399
58030,フジクラ,東証,2026/4/23,10:36:0,5956,5957,5936,5938,138100,5944.8,5988.56,6019.4133,6046.9102
58030,フジクラ,東証,2026/4/23,10:37:0,5938,5946,5931,5936,130500,5941.8,5984.52,6018.6133,6046.4118
58030,フジクラ,東証,2026/4/23,10:38:0,5937,5942,5932,5937,77200,5941.2,5980.16,6017.6533,6046.1178
58030,フジクラ,東証,2026/4/23,10:39:0,5937,5954,5936,5953,109100,5944,5976.76,6016.9733,6045.7368
58030,フジクラ,東証,2026/4/23,10:40:0,5952,5954,5944,5946,92500,5942,5973.2,6016.12,6045.4278
58030,フジクラ,東証,2026/4/23,10:41:0,5947,5964,5947,5961,117600,5946.6,5970.56,6015.3867,6045.0738
58030,フジクラ,東証,2026/4/23,10:42:0,5960,5984,5959,5972,174800,5953.8,5968.32,6014.7333,6044.6515
58030,フジクラ,東証,2026/4/23,10:43:0,5973,5976,5962,5966,92900,5959.6,5965.88,6014.04,6044.4135
58030,フジクラ,東証,2026/4/23,10:44:0,5966,5980,5942,5955,310400,5960,5963.44,6013.0533,6043.5781
58030,フジクラ,東証,2026/4/23,10:45:0,5955,5955,5918,5928,271200,5956.4,5960.8,6011.4667,6042.5707
58030,フジクラ,東証,2026/4/23,10:46:0,5928,5931,5913,5921,182400,5948.4,5957.96,6009.88,6041.8381
58030,フジクラ,東証,2026/4/23,10:47:0,5921,5929,5915,5918,103300,5937.6,5955.6,6008.48,6041.4246
58030,フジクラ,東証,2026/4/23,10:48:0,5918,5925,5902,5910,201100,5926.4,5953,6006.84,6040.5717
58030,フジクラ,東証,2026/4/23,10:49:0,5911,5918,5904,5917,127900,5918.8,5950.96,6005.3333,6040.0248
58030,フジクラ,東証,2026/4/23,10:50:0,5916,5932,5906,5928,127100,5918.8,5948.64,6004.2267,6039.5269
58030,フジクラ,東証,2026/4/23,10:51:0,5928,5932,5901,5902,175300,5915,5944.96,6002.6667,6038.8031
58030,フジクラ,東証,2026/4/23,10:52:0,5903,5907,5887,5893,425900,5910,5940.36,6001,6036.8548
58030,フジクラ,東証,2026/4/23,10:53:0,5892,5902,5882,5885,193700,5905,5936.36,5999.2933,6035.9476
58030,フジクラ,東証,2026/4/23,10:54:0,5886,5893,5881,5889,135200,5899.4,5933.76,5997.5467,6035.3091
58030,フジクラ,東証,2026/4/23,10:55:0,5890,5902,5878,5879,186900,5889.6,5931.12,5995.5067,6034.4372
58030,フジクラ,東証,2026/4/23,10:56:0,5880,5893,5878,5888,116800,5886.8,5928.32,5993.4133,6033.8947
58030,フジクラ,東証,2026/4/23,10:57:0,5888,5888,5870,5876,159200,5883.4,5925.32,5991.1467,6033.1112
58030,フジクラ,東証,2026/4/23,10:58:0,5876,5876,5867,5869,121800,5880.2,5922.48,5988.6,6032.4941
58030,フジクラ,東証,2026/4/23,10:59:0,5871,5876,5862,5867,153900,5875.8,5919.6,5985.9067,6031.7061
58030,フジクラ,東証,2026/4/23,11:0:0,5867,5875,5853,5856,181400,5871.2,5915.6,5982.8533,6030.7515
58030,フジクラ,東証,2026/4/23,11:1:0,5857,5864,5851,5855,91000,5864.6,5912.28,5979.68,6030.2668
58030,フジクラ,東証,2026/4/23,11:2:0,5855,5864,5840,5861,254900,5861.6,5909.28,5977.0267,6028.8675
58030,フジクラ,東証,2026/4/23,11:3:0,5861,5870,5858,5861,110500,5860,5906.24,5974.3867,6028.3134
58030,フジクラ,東証,2026/4/23,11:4:0,5862,5872,5853,5861,114100,5858.8,5902.56,5971.6,6027.7416
58030,フジクラ,東証,2026/4/23,11:5:0,5863,5865,5852,5863,98500,5860.2,5899.24,5969.4667,6027.2373
58030,フジクラ,東証,2026/4/23,11:6:0,5864,5875,5860,5874,159500,5864,5895.76,5967.2933,6026.4777
58030,フジクラ,東証,2026/4/23,11:7:0,5872,5873,5856,5856,100700,5863,5891.12,5965.0267,6025.9856
58030,フジクラ,東証,2026/4/23,11:8:0,5855,5867,5850,5866,136500,5864,5887.12,5962.92,6025.2892
58030,フジクラ,東証,2026/4/23,11:9:0,5867,5867,5852,5861,100500,5864,5883.36,5960.7467,6024.7922
58030,フジクラ,東証,2026/4/23,11:10:0,5860,5873,5856,5856,112000,5862.6,5880.48,5958.5733,6024.2666
58030,フジクラ,東証,2026/4/23,11:11:0,5857,5862,5843,5847,160400,5857.2,5877.52,5956.2533,6023.4462
58030,フジクラ,東証,2026/4/23,11:12:0,5847,5852,5841,5848,105600,5855.6,5874.72,5953.9067,6022.8991
58030,フジクラ,東証,2026/4/23,11:13:0,5850,5853,5840,5843,118600,5851,5872.04,5951.3333,6022.2796
58030,フジクラ,東証,2026/4/23,11:14:0,5843,5847,5831,5832,160800,5845.2,5868.64,5948.56,6021.42
58030,フジクラ,東証,2026/4/23,11:15:0,5832,5839,5822,5839,199400,5841.8,5865.08,5946.0267,6020.3036
58030,フジクラ,東証,2026/4/23,11:16:0,5837,5849,5830,5832,98000,5838.8,5862.28,5943.3067,6019.7869
58030,フジクラ,東証,2026/4/23,11:17:0,5832,5844,5830,5835,75600,5836.2,5859.96,5940.6933,6019.3885
58030,フジクラ,東証,2026/4/23,11:18:0,5835,5846,5832,5836,66400,5834.8,5858,5938.1333,6019.042
58030,フジクラ,東証,2026/4/23,11:19:0,5836,5841,5831,5837,55800,5835.8,5855.92,5935.5733,6018.7466
58030,フジクラ,東証,2026/4/23,11:20:0,5837,5858,5837,5858,117000,5839.6,5855.08,5933.1733,6018.1685
58030,フジクラ,東証,2026/4/23,11:21:0,5856,5868,5855,5866,171300,5846.4,5854.2,5930.7067,6017.4024
58030,フジクラ,東証,2026/4/23,11:22:0,5866,5873,5865,5868,120300,5853,5853.88,5928.2933,6016.8948
58030,フジクラ,東証,2026/4/23,11:23:0,5868,5870,5840,5852,135300,5856.2,5853.2,5925.6267,6016.2729
58030,フジクラ,東証,2026/4/23,11:24:0,5852,5858,5843,5857,69200,5860.2,5852.8,5923.0533,6015.9498
58030,フジクラ,東証,2026/4/23,11:25:0,5856,5865,5853,5864,59600,5861.4,5853.12,5920.5333,6015.6869
58030,フジクラ,東証,2026/4/23,11:26:0,5864,5872,5861,5866,99600,5861.4,5853.56,5918.1333,6015.2705
58030,フジクラ,東証,2026/4/23,11:27:0,5866,5866,5855,5861,55200,5860,5853.56,5915.7867,6015.0282
58030,フジクラ,東証,2026/4/23,11:28:0,5861,5865,5848,5850,66600,5859.6,5853.12,5913.1733,6014.7288
58030,フジクラ,東証,2026/4/23,11:29:0,5850,5854,5843,5843,64300,5856.8,5852.4,5910.5733,6014.4304
58030,フジクラ,東証,2026/4/23,11:30:0,5841,5841,5841,5841,24400,5852.2,5851.52,5907.9867,6014.312
58030,フジクラ,東証,2026/4/23,12:30:0,5820,5870,5801,5867,761200,5852.4,5851.24,5905.8533,6010.5032
58030,フジクラ,東証,2026/4/23,12:31:0,5868,5877,5859,5877,186500,5855.6,5852.08,5903.84,6009.778
58030,フジクラ,東証,2026/4/23,12:32:0,5876,5888,5841,5854,333100,5856.4,5851.6,5901.5333,6008.4623
58030,フジクラ,東証,2026/4/23,12:33:0,5855,5855,5802,5808,183000,5849.4,5849.48,5898.76,6007.5496
58030,フジクラ,東証,2026/4/23,12:34:0,5807,5817,5798,5803,320000,5841.8,5847.36,5896.2133,6005.8039
58030,フジクラ,東証,2026/4/23,12:35:0,5803,5805,5780,5804,271800,5829.2,5845.64,5893.7067,6004.2526
58030,フジクラ,東証,2026/4/23,12:36:0,5803,5820,5802,5814,145700,5816.6,5844.28,5891.5333,6003.5117
58030,フジクラ,東証,2026/4/23,12:37:0,5814,5816,5801,5814,85200,5808.6,5843.12,5889.3867,6003.0766
58030,フジクラ,東証,2026/4/23,12:38:0,5814,5814,5802,5803,103000,5807.6,5841.96,5887.1867,6002.5494
58030,フジクラ,東証,2026/4/23,12:39:0,5802,5803,5790,5792,117500,5805.4,5840.08,5884.6,6001.9145
58030,フジクラ,東証,2026/4/23,12:40:0,5792,5797,5786,5793,128600,5803.2,5838.52,5881.92,6001.2108
58030,フジクラ,東証,2026/4/23,12:41:0,5793,5812,5791,5806,131300,5801.6,5837.36,5879.2267,6000.5339
58030,フジクラ,東証,2026/4/23,12:42:0,5807,5815,5803,5814,94300,5801.6,5836.48,5876.9467,6000.0633
58030,フジクラ,東証,2026/4/23,12:43:0,5815,5829,5815,5821,116400,5805.2,5835.84,5875.1733,5999.524
58030,フジクラ,東証,2026/4/23,12:44:0,5822,5850,5822,5847,215700,5816.2,5835.4,5873.8667,5998.6379
58030,フジクラ,東証,2026/4/23,12:45:0,5847,5868,5845,5859,210000,5829.4,5835.12,5872.5467,5997.8976
58030,フジクラ,東証,2026/4/23,12:46:0,5860,5883,5860,5871,193400,5842.4,5835.24,5871.48,5997.2754
58030,フジクラ,東証,2026/4/23,12:47:0,5872,5873,5857,5864,140600,5852.4,5835.72,5870.4667,5996.8017
58030,フジクラ,東証,2026/4/23,12:48:0,5863,5868,5859,5867,104700,5861.6,5836.12,5869.5067,5996.4487
58030,フジクラ,東証,2026/4/23,12:49:0,5865,5876,5864,5872,119700,5866.6,5836.44,5868.3867,5996.0685
58030,フジクラ,東証,2026/4/23,12:50:0,5873,5883,5868,5874,185700,5869.6,5836.76,5867.5333,5995.5105
58030,フジクラ,東証,2026/4/23,12:51:0,5873,5874,5858,5867,165900,5868.8,5837,5866.6133,5994.9703
58030,フジクラ,東証,2026/4/23,12:52:0,5869,5883,5864,5880,111600,5872,5838.2,5865.8533,5994.6404
58030,フジクラ,東証,2026/4/23,12:53:0,5880,5890,5879,5886,188700,5875.8,5839.92,5864.96,5994.1309
58030,フジクラ,東証,2026/4/23,12:54:0,5886,5893,5882,5885,137500,5878.4,5841.68,5864.1467,5993.7696
58030,フジクラ,東証,2026/4/23,12:55:0,5884,5887,5860,5864,169000,5876.4,5841.56,5862.8533,5993.271
58030,フジクラ,東証,2026/4/23,12:56:0,5866,5878,5864,5870,98100,5877,5841.28,5861.4933,5992.9765
58030,フジクラ,東証,2026/4/23,12:57:0,5871,5880,5868,5878,63900,5876.6,5842.24,5860.32,5992.7915
58030,フジクラ,東証,2026/4/23,12:58:0,5878,5881,5872,5873,82500,5874,5844.84,5859.2267,5992.5566
58030,フジクラ,東証,2026/4/23,12:59:0,5872,5885,5871,5883,101800,5873.6,5848.04,5858.6267,5992.2733
58030,フジクラ,東証,2026/4/23,13:0:0,5882,5898,5874,5896,191200,5880,5851.72,5858.2933,5991.7888
58030,フジクラ,東証,2026/4/23,13:1:0,5895,5900,5887,5890,145900,5884,5854.76,5857.92,5991.4462
58030,フジクラ,東証,2026/4/23,13:2:0,5889,5895,5884,5892,87600,5886.8,5857.88,5857.68,5991.2295
58030,フジクラ,東証,2026/4/23,13:3:0,5892,5894,5873,5885,155000,5889.2,5861.16,5857.2533,5990.8293
58030,フジクラ,東証,2026/4/23,13:4:0,5885,5887,5873,5875,97100,5887.6,5864.48,5856.5467,5990.5698
58030,フジクラ,東証,2026/4/23,13:5:0,5875,5890,5872,5884,116700,5885.2,5868.12,5856.3067,5990.2703
58030,フジクラ,東証,2026/4/23,13:6:0,5883,5890,5877,5884,100200,5884,5871.24,5856.1867,5990.0159
58030,フジクラ,東証,2026/4/23,13:7:0,5884,5897,5881,5896,142100,5884.8,5874.52,5856.3333,5989.6755
58030,フジクラ,東証,2026/4/23,13:8:0,5895,5919,5895,5916,218800,5891,5878.32,5856.6933,5989.2659
58030,フジクラ,東証,2026/4/23,13:9:0,5917,5930,5917,5923,250400,5900.6,5881.36,5857.28,5988.8837
58030,フジクラ,東証,2026/4/23,13:10:0,5922,5932,5917,5922,180500,5908.2,5883.88,5857.7333,5988.6147
58030,フジクラ,東証,2026/4/23,13:11:0,5923,5933,5920,5932,131600,5917.8,5886.32,5858.48,5988.424
58030,フジクラ,東証,2026/4/23,13:12:0,5933,5945,5910,5917,378200,5922,5888.44,5859.12,5987.8962
58030,フジクラ,東証,2026/4/23,13:13:0,5916,5923,5907,5919,128300,5922.6,5890.52,5859.8133,5987.6825
58030,フジクラ,東証,2026/4/23,13:14:0,5918,5933,5912,5928,172800,5923.6,5892.76,5860.7733,5987.4294
58030,フジクラ,東証,2026/4/23,13:15:0,5928,5944,5922,5941,129600,5927.4,5895.44,5861.92,5987.2774
58030,フジクラ,東証,2026/4/23,13:16:0,5940,5949,5940,5942,154100,5929.4,5898.44,5863,5987.1277
58030,フジクラ,東証,2026/4/23,13:17:0,5943,5947,5928,5929,143900,5931.8,5900.4,5863.9067,5986.9645
58030,フジクラ,東証,2026/4/23,13:18:0,5930,5938,5926,5935,116700,5935,5902.36,5864.8933,5986.8193
58030,フジクラ,東証,2026/4/23,13:19:0,5936,5938,5917,5922,117000,5933.8,5903.84,5865.68,5986.6631
58030,フジクラ,東証,2026/4/23,13:20:0,5921,5936,5918,5930,105100,5931.6,5906.48,5866.4267,5986.5219
58030,フジクラ,東証,2026/4/23,13:21:0,5929,5931,5924,5924,58000,5928,5908.64,5867.3333,5986.4443
58030,フジクラ,東証,2026/4/23,13:22:0,5924,5926,5915,5919,137400,5926,5910.28,5868.04,5986.2369
58030,フジクラ,東証,2026/4/23,13:23:0,5919,5925,5902,5906,161100,5920.2,5911.6,5868.64,5985.9702
58030,フジクラ,東証,2026/4/23,13:24:0,5906,5910,5889,5891,203600,5914,5911.92,5869.1067,5985.5675
58030,フジクラ,東証,2026/4/23,13:25:0,5891,5899,5885,5895,141100,5907,5911.88,5869.7467,5985.2797
58030,フジクラ,東証,2026/4/23,13:26:0,5895,5904,5893,5903,66400,5902.8,5912.4,5870.48,5985.1529
58030,フジクラ,東証,2026/4/23,13:27:0,5903,5907,5892,5895,80600,5898,5912.52,5871.1733,5984.9997
58030,フジクラ,東証,2026/4/23,13:28:0,5894,5895,5881,5882,111500,5893.2,5912.4,5871.84,5984.7559
58030,フジクラ,東証,2026/4/23,13:29:0,5883,5889,5878,5888,77400,5892.6,5912.92,5872.4933,5984.5819
58030,フジクラ,東証,2026/4/23,13:30:0,5888,5895,5883,5892,101800,5892,5913.24,5873.2933,5984.3701
58030,フジクラ,東証,2026/4/23,13:31:0,5892,5892,5881,5890,69400,5889.4,5913.48,5874.0267,5984.2209
58030,フジクラ,東証,2026/4/23,13:32:0,5889,5891,5884,5885,66500,5887.4,5913.04,5874.68,5984.0804
58030,フジクラ,東証,2026/4/23,13:33:0,5885,5894,5884,5891,53900,5889.2,5912.04,5875.4,5983.9703
58030,フジクラ,東証,2026/4/23,13:34:0,5891,5893,5880,5891,103900,5889.8,5910.76,5875.84,5983.7476
58030,フジクラ,東証,2026/4/23,13:35:0,5890,5896,5890,5891,71800,5889.6,5909.52,5876.1733,5983.6055
58030,フジクラ,東証,2026/4/23,13:36:0,5891,5893,5886,5888,66500,5889.2,5907.76,5876.44,5983.4682
58030,フジクラ,東証,2026/4/23,13:37:0,5888,5889,5884,5886,45100,5889.4,5906.52,5876.8933,5983.3728
58030,フジクラ,東証,2026/4/23,13:38:0,5886,5887,5882,5883,49600,5887.8,5905.08,5877.24,5983.2666
58030,フジクラ,東証,2026/4/23,13:39:0,5883,5890,5882,5888,67400,5887.2,5903.48,5877.56,5983.1232
58030,フジクラ,東証,2026/4/23,13:40:0,5888,5889,5872,5872,107100,5883.4,5900.72,5877.64,5982.8839
58030,フジクラ,東証,2026/4/23,13:41:0,5872,5876,5866,5872,115400,5880.2,5897.92,5877.7867,5982.6031
58030,フジクラ,東証,2026/4/23,13:42:0,5872,5873,5865,5871,84100,5877.2,5895.6,5878.0667,5982.3976
58030,フジクラ,東証,2026/4/23,13:43:0,5872,5876,5865,5868,94800,5874.2,5892.92,5878.4,5982.171
58030,フジクラ,東証,2026/4/23,13:44:0,5869,5871,5862,5865,79800,5869.6,5890.64,5878.72,5981.9707
58030,フジクラ,東証,2026/4/23,13:45:0,5865,5871,5864,5868,53700,5868.8,5888.16,5878.7333,5981.8389
58030,フジクラ,東証,2026/4/23,13:46:0,5868,5870,5863,5870,77800,5868.4,5886,5878.64,5981.6466
58030,フジクラ,東証,2026/4/23,13:47:0,5870,5870,5853,5854,158500,5865,5883.4,5878.64,5981.2321
58030,フジクラ,東証,2026/4/23,13:48:0,5855,5857,5851,5853,81200,5862,5881.28,5879.24,5981.012
58030,フジクラ,東証,2026/4/23,13:49:0,5854,5861,5851,5859,96900,5860.8,5880,5879.9867,5980.7548
58030,フジクラ,東証,2026/4/23,13:50:0,5859,5862,5842,5849,157300,5857,5878.16,5880.5867,5980.3219
58030,フジクラ,東証,2026/4/23,13:51:0,5849,5857,5848,5855,52200,5854,5876.24,5881.1333,5980.18
58030,フジクラ,東証,2026/4/23,13:52:0,5854,5857,5849,5856,43400,5854.4,5874.68,5881.6933,5980.0622
58030,フジクラ,東証,2026/4/23,13:53:0,5857,5858,5842,5846,79900,5853,5873.24,5882.2667,5979.8387
58030,フジクラ,東証,2026/4/23,13:54:0,5846,5846,5840,5840,43900,5849.2,5871.32,5882.9067,5979.7106
58030,フジクラ,東証,2026/4/23,13:55:0,5840,5840,5830,5831,126700,5845.6,5868.88,5883.4133,5979.326
58030,フジクラ,東証,2026/4/23,13:56:0,5831,5833,5823,5827,102600,5840,5866.36,5883.6933,5979.0006
58030,フジクラ,東証,2026/4/23,13:57:0,5826,5829,5820,5822,100400,5833.2,5863.84,5883.8,5978.6744
58030,フジクラ,東証,2026/4/23,13:58:0,5822,5824,5813,5818,99600,5827.6,5860.92,5883.76,5978.3387
58030,フジクラ,東証,2026/4/23,13:59:0,5818,5820,5812,5815,61100,5822.6,5857.88,5883.3333,5978.1319
58030,フジクラ,東証,2026/4/23,14:0:0,5814,5823,5807,5811,181700,5818.6,5854.68,5882.6933,5977.508
58030,フジクラ,東証,2026/4/23,14:1:0,5812,5820,5811,5816,88400,5816.4,5851.8,5881.96,5977.2099
58030,フジクラ,東証,2026/4/23,14:2:0,5817,5829,5816,5826,144700,5817.2,5849.4,5881.4533,5976.7449
58030,フジクラ,東証,2026/4/23,14:3:0,5825,5832,5823,5823,128800,5818.2,5847,5880.8667,5976.3477
58030,フジクラ,東証,2026/4/23,14:4:0,5823,5830,5819,5827,84900,5820.6,5844.56,5880.2667,5976.0801
58030,フジクラ,東証,2026/4/23,14:5:0,5828,5837,5825,5827,141600,5823.8,5842.76,5879.64,5975.66
58030,フジクラ,東証,2026/4/23,14:6:0,5826,5835,5824,5829,85300,5826.4,5841.04,5879.1333,5975.405
58030,フジクラ,東証,2026/4/23,14:7:0,5830,5837,5830,5835,65500,5828.2,5839.6,5878.5333,5975.2155
58030,フジクラ,東証,2026/4/23,14:8:0,5835,5841,5833,5840,80300,5831.6,5838.48,5877.92,5974.9889
58030,フジクラ,東証,2026/4/23,14:9:0,5840,5850,5835,5836,175800,5833.4,5837.32,5877.2667,5974.5117
58030,フジクラ,東証,2026/4/23,14:10:0,5836,5840,5830,5839,88700,5835.8,5836.16,5876.9333,5974.2592
58030,フジクラ,東証,2026/4/23,14:11:0,5839,5843,5833,5836,70600,5837.2,5834.8,5876.48,5974.0644
58030,フジクラ,東証,2026/4/23,14:12:0,5836,5838,5831,5836,68900,5837.4,5834.08,5875.92,5973.8678
58030,フジクラ,東証,2026/4/23,14:13:0,5835,5837,5832,5834,47600,5836.2,5833.32,5875.4,5973.733
58030,フジクラ,東証,2026/4/23,14:14:0,5833,5842,5833,5838,57300,5836.6,5832.48,5874.8,5973.5757
58030,フジクラ,東証,2026/4/23,14:15:0,5837,5846,5837,5845,74600,5837.8,5832.32,5874.12,5973.3783
58030,フジクラ,東証,2026/4/23,14:16:0,5845,5845,5830,5833,114400,5837.2,5831.44,5873.36,5973.0619
58030,フジクラ,東証,2026/4/23,14:17:0,5833,5840,5833,5838,47200,5837.6,5830.72,5872.64,5972.9314
58030,フジクラ,東証,2026/4/23,14:18:0,5838,5862,5835,5860,151800,5842.8,5831.28,5872.3067,5972.5525
58030,フジクラ,東証,2026/4/23,14:19:0,5859,5869,5856,5861,96300,5847.4,5832.12,5872.12,5972.3394
58030,フジクラ,東証,2026/4/23,14:20:0,5860,5875,5860,5874,116200,5853.2,5833.84,5871.9867,5972.094
58030,フジクラ,東証,2026/4/23,14:21:0,5873,5880,5868,5880,96600,5862.6,5835.96,5871.9333,5971.9036
58030,フジクラ,東証,2026/4/23,14:22:0,5879,5889,5876,5887,158800,5872.4,5838.56,5871.8133,5971.6242
58030,フジクラ,東証,2026/4/23,14:23:0,5887,5891,5883,5890,87600,5878.4,5841.44,5871.4667,5971.4779
58030,フジクラ,東証,2026/4/23,14:24:0,5890,5891,5867,5871,198000,5880.4,5843.68,5870.7733,5971.1216
58030,フジクラ,東証,2026/4/23,14:25:0,5871,5876,5857,5864,160400,5878.4,5845.8,5870,5970.7809
58030,フジクラ,東証,2026/4/23,14:26:0,5864,5866,5857,5858,91500,5874,5847.48,5869.0133,5970.5843
58030,フジクラ,東証,2026/4/23,14:27:0,5857,5861,5843,5845,126500,5865.6,5848.24,5868.0533,5970.2829
58030,フジクラ,東証,2026/4/23,14:28:0,5844,5853,5843,5852,65000,5858,5849.4,5867.16,5970.1267
58030,フジクラ,東証,2026/4/23,14:29:0,5852,5853,5844,5847,62000,5853.2,5850.2,5866.08,5969.9781
58030,フジクラ,東証,2026/4/23,14:30:0,5847,5847,5836,5844,133000,5849.2,5850.88,5864.7867,5969.6443
58030,フジクラ,東証,2026/4/23,14:31:0,5844,5854,5844,5852,85200,5848,5851.8,5863.5867,5969.444
58030,フジクラ,東証,2026/4/23,14:32:0,5852,5854,5848,5851,60600,5849.2,5852.44,5862.5467,5969.3036
58030,フジクラ,東証,2026/4/23,14:33:0,5850,5858,5849,5851,69600,5849,5852.88,5861.4267,5969.1464
58030,フジクラ,東証,2026/4/23,14:34:0,5851,5859,5850,5858,52700,5851.2,5853.76,5860.5733,5969.0288
58030,フジクラ,東証,2026/4/23,14:35:0,5858,5858,5850,5857,82900,5853.8,5854.48,5859.6,5968.8428
58030,フジクラ,東証,2026/4/23,14:36:0,5857,5860,5850,5858,81900,5855,5855.36,5858.72,5968.6623
58030,フジクラ,東証,2026/4/23,14:37:0,5859,5867,5859,5862,81300,5857.2,5856.4,5857.96,5968.4965
58030,フジクラ,東証,2026/4/23,14:38:0,5863,5874,5863,5869,107700,5860.8,5857.8,5857.4667,5968.2895
58030,フジクラ,東証,2026/4/23,14:39:0,5869,5871,5862,5863,85400,5861.8,5858.8,5857.0933,5968.1219
58030,フジクラ,東証,2026/4/23,14:40:0,5862,5869,5858,5867,89800,5863.8,5859.68,5856.72,5967.9397
58030,フジクラ,東証,2026/4/23,14:41:0,5867,5869,5856,5860,93600,5864.2,5860.76,5856.1467,5967.7485
58030,フジクラ,東証,2026/4/23,14:42:0,5861,5865,5857,5863,52200,5864.4,5861.76,5855.72,5967.6422
58030,フジクラ,東証,2026/4/23,14:43:0,5862,5870,5861,5870,79000,5864.6,5862.16,5855.56,5967.4891
58030,フジクラ,東証,2026/4/23,14:44:0,5870,5874,5868,5871,86200,5866.2,5862.56,5855.3333,5967.3302
58030,フジクラ,東証,2026/4/23,14:45:0,5871,5872,5862,5869,70600,5866.6,5862.36,5855.0267,5967.1944
58030,フジクラ,東証,2026/4/23,14:46:0,5869,5875,5867,5872,59900,5869,5862.04,5854.7867,5967.0845
58030,フジクラ,東証,2026/4/23,14:47:0,5872,5878,5872,5877,85200,5871.8,5861.64,5854.68,5966.9363
58030,フジクラ,東証,2026/4/23,14:48:0,5877,5879,5872,5877,65100,5873.2,5861.12,5854.4933,5966.8235
58030,フジクラ,東証,2026/4/23,14:49:0,5877,5880,5873,5878,44700,5874.6,5861.4,5854.32,5966.7472
58030,フジクラ,東証,2026/4/23,14:50:0,5877,5882,5873,5874,74200,5875.6,5861.8,5854.0933,5966.6211
58030,フジクラ,東証,2026/4/23,14:51:0,5872,5875,5864,5870,90100,5875.2,5862.28,5853.8533,5966.4532
58030,フジクラ,東証,2026/4/23,14:52:0,5870,5870,5863,5863,43000,5872.4,5863,5853.5467,5966.372
58030,フジクラ,東証,2026/4/23,14:53:0,5865,5873,5862,5873,53500,5871.6,5863.84,5853.4133,5966.272
58030,フジクラ,東証,2026/4/23,14:54:0,5873,5875,5866,5868,69100,5869.6,5864.68,5853.1467,5966.1467
58030,フジクラ,東証,2026/4/23,14:55:0,5868,5869,5862,5864,56300,5867.6,5865.48,5853.04,5966.0388
58030,フジクラ,東証,2026/4/23,14:56:0,5864,5871,5863,5866,78100,5866.8,5866.04,5852.96,5965.8934
58030,フジクラ,東証,2026/4/23,14:57:0,5866,5872,5866,5868,31800,5867.8,5866.72,5852.92,5965.8353
58030,フジクラ,東証,2026/4/23,14:58:0,5867,5871,5867,5869,41800,5867,5867.44,5852.9333,5965.7593
58030,フジクラ,東証,2026/4/23,14:59:0,5868,5871,5867,5870,41700,5867.4,5867.92,5853,5965.6833
58030,フジクラ,東証,2026/4/23,15:0:0,5870,5875,5865,5875,72800,5869.6,5868.64,5853.0933,5965.5522
58030,フジクラ,東証,2026/4/23,15:1:0,5875,5882,5872,5879,119300,5872.2,5869.48,5853.2133,5965.3548
58030,フジクラ,東証,2026/4/23,15:2:0,5879,5888,5877,5887,92300,5876,5870.48,5853.6533,5965.2115
58030,フジクラ,東証,2026/4/23,15:3:0,5888,5896,5887,5894,138900,5881,5871.48,5854.2,5965.0226
58030,フジクラ,東証,2026/4/23,15:4:0,5894,5896,5890,5892,95100,5885.4,5872.64,5854.64,5964.8936
58030,フジクラ,東証,2026/4/23,15:5:0,5892,5897,5890,5895,65400,5889.4,5873.76,5855.2533,5964.8082
58030,フジクラ,東証,2026/4/23,15:6:0,5895,5895,5887,5891,51500,5891.8,5875,5855.7333,5964.7371
58030,フジクラ,東証,2026/4/23,15:7:0,5891,5898,5886,5896,87400,5893.6,5876.32,5856.2667,5964.6219
58030,フジクラ,東証,2026/4/23,15:8:0,5896,5914,5895,5911,185000,5897,5877.96,5857.1333,5964.4199
58030,フジクラ,東証,2026/4/23,15:9:0,5911,5915,5905,5906,112600,5899.8,5879.36,5858.0133,5964.308
58030,フジクラ,東証,2026/4/23,15:10:0,5906,5910,5902,5910,51200,5902.8,5881,5859.0667,5964.2533
58030,フジクラ,東証,2026/4/23,15:11:0,5909,5916,5907,5910,140400,5906.6,5882.52,5860.1733,5964.1157
58030,フジクラ,東証,2026/4/23,15:12:0,5910,5914,5906,5906,60100,5908.6,5883.68,5861.2933,5964.0559
58030,フジクラ,東証,2026/4/23,15:13:0,5906,5908,5897,5904,100100,5907.2,5884.76,5862.44,5963.9417
58030,フジクラ,東証,2026/4/23,15:14:0,5904,5908,5899,5905,60000,5907,5885.84,5863.64,5963.8753
58030,フジクラ,東証,2026/4/23,15:15:0,5905,5917,5902,5915,139800,5908,5887.48,5865.0267,5963.7378
58030,フジクラ,東証,2026/4/23,15:16:0,5914,5917,5911,5915,70500,5909,5889.28,5866.3467,5963.6734
58030,フジクラ,東証,2026/4/23,15:17:0,5915,5924,5915,5922,120400,5912.2,5891.64,5867.6267,5963.5766
58030,フジクラ,東証,2026/4/23,15:18:0,5921,5926,5917,5919,159000,5915.2,5893.48,5868.9067,5963.456
58030,フジクラ,東証,2026/4/23,15:19:0,5918,5919,5911,5911,73800,5916.4,5895.2,5870.0267,5963.3927
58030,フジクラ,東証,2026/4/23,15:20:0,5911,5915,5904,5905,107300,5914.4,5896.84,5871.0667,5963.2884
58030,フジクラ,東証,2026/4/23,15:21:0,5905,5906,5898,5904,91500,5912.2,5898.36,5872.0667,5963.1858
58030,フジクラ,東証,2026/4/23,15:22:0,5904,5905,5896,5897,74500,5907.2,5899.52,5872.8933,5963.1011
58030,フジクラ,東証,2026/4/23,15:23:0,5897,5903,5897,5898,68800,5903,5900.68,5873.6667,5963.0228
58030,フジクラ,東証,2026/4/23,15:24:0,5900,5900,5885,5893,183500,5899.4,5901.6,5874.4267,5962.7879
58030,フジクラ,東証,2026/4/23,15:25:0,-,-,-,-,0,5897,5902.32,5875.1467,5962.7879
58030,フジクラ,東証,2026/4/23,15:26:0,-,-,-,-,0,5894.8,5902.88,5875.9067,5962.7879
58030,フジクラ,東証,2026/4/23,15:27:0,-,-,-,-,0,5894,5903.12,5876.6667,5962.7879
58030,フジクラ,東証,2026/4/23,15:28:0,-,-,-,-,0,5893,5903.08,5877.4533,5962.7879
58030,フジクラ,東証,2026/4/23,15:29:0,-,-,-,-,0,5893,5903.12,5878.1867,5962.7879
58030,フジクラ,東証,2026/4/23,15:30:0,5893,5893,5893,5893,1467200,5893,5903.04,5878.8267,5960.9946
58030,フジクラ,東証,2026/4/24,9:0:0,5987,6001,5907,5972,1360600,5908.8,5906.28,5880.68,5978.7303
58030,フジクラ,東証,2026/4/24,9:1:0,5973,6013,5946,5955,460500,5921.2,5908.64,5882.24,5979.6752
58030,フジクラ,東証,2026/4/24,9:2:0,5954,5958,5933,5943,237700,5931.2,5909.92,5883.3467,5975.9322
58030,フジクラ,東証,2026/4/24,9:3:0,5943,5956,5930,5937,191700,5940,5911.16,5884.36,5973.0817
58030,フジクラ,東証,2026/4/24,9:4:0,5938,5938,5908,5910,241600,5943.4,5911.16,5884.84,5967.8342
58030,フジクラ,東証,2026/4/24,9:5:0,5909,6002,5894,5990,598000,5947,5914.36,5886.3067,5963.6177
58030,フジクラ,東証,2026/4/24,9:6:0,5989,5993,5941,5947,211300,5945.4,5916,5887.1067,5963.4779
58030,フジクラ,東証,2026/4/24,9:7:0,5948,5970,5942,5966,237700,5950,5918.48,5888.12,5962.8864
58030,フジクラ,東証,2026/4/24,9:8:0,5966,5977,5958,5975,164100,5957.6,5921.28,5889.5067,5963.1919
58030,フジクラ,東証,2026/4/24,9:9:0,5975,5993,5968,5986,195400,5972.8,5924.12,5891.1333,5964.1851
58030,フジクラ,東証,2026/4/24,9:10:0,5987,6021,5986,6003,562900,5975.4,5927.64,5893.0667,5969.4485
58030,フジクラ,東証,2026/4/24,9:11:0,6005,6051,5964,5966,741800,5979.2,5929.4,5894.68,5976.7434
58030,フジクラ,東証,2026/4/24,9:12:0,5964,5999,5945,5971,354000,5980.2,5931.48,5896.2667,5976.6242
58030,フジクラ,東証,2026/4/24,9:13:0,5969,5972,5945,5966,191200,5978.4,5933.68,5897.8533,5976.0078
58030,フジクラ,東証,2026/4/24,9:14:0,5965,5987,5958,5970,167200,5975.2,5936.28,5899.5333,5975.8665
58030,フジクラ,東証,2026/4/24,9:15:0,5969,5986,5969,5979,183400,5970.4,5939.28,5901.2267,5975.9496
58030,フジクラ,東証,2026/4/24,9:16:0,5978,6011,5975,6008,292300,5978.8,5943.72,5903.32,5976.843
58030,フジクラ,東証,2026/4/24,9:17:0,6009,6009,5990,6004,203600,5985.4,5947.96,5905.36,5977.5702
58030,フジクラ,東証,2026/4/24,9:18:0,6007,6033,6002,6025,276100,5997.2,5953.24,5907.5867,5979.3239
58030,フジクラ,東証,2026/4/24,9:19:0,6025,6044,6025,6032,276700,6009.6,5958.8,5909.92,5981.5586
58030,フジクラ,東証,2026/4/24,9:20:0,6032,6060,6028,6049,514600,6023.6,5965.04,5912.4667,5986.1265
58030,フジクラ,東証,2026/4/24,9:21:0,6050,6060,6045,6053,219600,6032.6,5971.44,5915.0133,5987.9584
58030,フジクラ,東証,2026/4/24,9:22:0,6051,6053,6041,6044,176000,6040.6,5977.48,5917.3467,5989.2461
58030,フジクラ,東証,2026/4/24,9:23:0,6045,6048,6026,6036,251100,6042.8,5983.2,5919.6533,5990.6341
58030,フジクラ,東証,2026/4/24,9:24:0,6034,6043,6011,6020,240100,6040.4,5988.28,5921.6933,5991.6378
58030,フジクラ,東証,2026/4/24,9:25:0,6019,6026,6012,6023,169100,6035.2,5990.32,5923.8667,5992.1827
58030,フジクラ,東証,2026/4/24,9:26:0,6024,6031,6015,6020,146000,6028.6,5992.92,5925.96,5992.6884
58030,フジクラ,東証,2026/4/24,9:27:0,6018,6055,6015,6052,394900,6030.2,5997.28,5928.3867,5994.7041
58030,フジクラ,東証,2026/4/24,9:28:0,6052,6058,6045,6050,244900,6033,6001.8,5930.7733,5996.1815
58030,フジクラ,東証,2026/4/24,9:29:0,6050,6054,6038,6052,174700,6039.4,6007.48,5933.2133,5997.133
58030,フジクラ,東証,2026/4/24,9:30:0,6051,6064,6051,6058,321200,6046.4,6010.2,5935.6933,5999.127
58030,フジクラ,東証,2026/4/24,9:31:0,6058,6070,6052,6055,294200,6053.4,6014.52,5938.0667,6000.9431
58030,フジクラ,東証,2026/4/24,9:32:0,6054,6092,6049,6083,615700,6059.6,6019.2,5940.8133,6005.1093
58030,フジクラ,東証,2026/4/24,9:33:0,6082,6097,6070,6089,425600,6067.4,6023.76,5943.6267,6008.0104
58030,フジクラ,東証,2026/4/24,9:34:0,6088,6095,6080,6088,189900,6074.6,6027.84,5946.48,6009.3424
58030,フジクラ,東証,2026/4/24,9:35:0,6089,6090,6078,6084,227400,6079.8,6031.08,5949.3333,6010.7914
58030,フジクラ,東証,2026/4/24,9:36:0,6083,6093,6070,6091,227100,6087,6036.08,5952.3733,6012.1413
58030,フジクラ,東証,2026/4/24,9:37:0,6091,6100,6086,6092,339700,6088.8,6040.92,5955.2933,6014.4343
58030,フジクラ,東証,2026/4/24,9:38:0,6094,6095,6078,6081,176000,6087.2,6045.52,5958.1333,6015.4282
58030,フジクラ,東証,2026/4/24,9:39:0,6081,6082,6060,6067,237900,6083,6049.4,5960.84,6016.4357
58030,フジクラ,東証,2026/4/24,9:40:0,6064,6069,6041,6042,295000,6074.6,6051.92,5963.1867,6017.3247
58030,フジクラ,東証,2026/4/24,9:41:0,6043,6046,6010,6013,512600,6059,6052.12,5965.12,6017.4513
58030,フジクラ,東証,2026/4/24,9:42:0,6012,6019,5992,6012,442200,6043,6052.44,5967.0267,6017.0173
58030,フジクラ,東証,2026/4/24,9:43:0,6012,6030,6006,6011,275600,6029,6051.88,5968.9067,6017.0485
58030,フジクラ,東証,2026/4/24,9:44:0,6012,6018,6001,6012,142300,6018,6051.08,5970.7333,6016.9651
58030,フジクラ,東証,2026/4/24,9:45:0,6013,6028,6009,6025,174400,6014.6,6050.12,5972.68,6017.0205
58030,フジクラ,東証,2026/4/24,9:46:0,6025,6035,6005,6005,227200,6013,6048.2,5974.2533,6017.0631
58030,フジクラ,東証,2026/4/24,9:47:0,6005,6022,6004,6009,149600,6012.4,6046.8,5975.7867,6017.0101
58030,フジクラ,東証,2026/4/24,9:48:0,6008,6011,6000,6009,139700,6012,6045.72,5977.3467,6016.8996
58030,フジクラ,東証,2026/4/24,9:49:0,6009,6021,6003,6019,108600,6013.4,6045.68,5979,6016.8725
58030,フジクラ,東証,2026/4/24,9:50:0,6019,6027,6010,6018,132400,6012,6045.48,5980.6933,6016.8987
58030,フジクラ,東証,2026/4/24,9:51:0,6017,6042,6012,6031,211100,6017.2,6045.92,5982.4933,6017.0709
58030,フジクラ,東証,2026/4/24,9:52:0,6030,6057,6019,6055,228700,6026.4,6046.04,5984.4133,6017.3527
58030,フジクラ,東証,2026/4/24,9:53:0,6057,6058,6047,6052,186800,6035,6046.12,5986.36,6017.76
58030,フジクラ,東証,2026/4/24,9:54:0,6051,6059,6050,6055,124400,6042.2,6046.24,5988.2933,6018.0505
58030,フジクラ,東証,2026/4/24,9:55:0,6055,6057,6042,6053,150400,6049.2,6046.04,5990.2,6018.3396
58030,フジクラ,東証,2026/4/24,9:56:0,6052,6053,6042,6048,115400,6052.6,6045.76,5992.0933,6018.5426
58030,フジクラ,東証,2026/4/24,9:57:0,6048,6060,6039,6060,176100,6053.6,6044.84,5994.1733,6018.8772
58030,フジクラ,東証,2026/4/24,9:58:0,6059,6068,6048,6049,260100,6053,6043.24,5996.0933,6019.4992
58030,フジクラ,東証,2026/4/24,9:59:0,6050,6060,6046,6054,98400,6052.8,6041.88,5997.9467,6019.7019
58030,フジクラ,東証,2026/4/24,10:0:0,6054,6055,6035,6036,132700,6049.4,6039.96,5999.56,6019.8932
58030,フジクラ,東証,2026/4/24,10:1:0,6035,6036,6012,6026,186600,6045,6037.36,6000.9467,6019.9151
58030,フジクラ,東証,2026/4/24,10:2:0,6028,6028,6011,6018,99900,6036.6,6034.4,6002.2667,6019.8972
58030,フジクラ,東証,2026/4/24,10:3:0,6019,6027,6012,6022,130300,6031.2,6032.04,6003.7467,6019.8813
58030,フジクラ,東証,2026/4/24,10:4:0,6022,6032,6015,6016,106400,6023.6,6030,6005.2267,6019.8998
58030,フジクラ,東証,2026/4/24,10:5:0,6016,6017,6003,6012,189600,6018.8,6028.8,6006.6667,6019.7939
58030,フジクラ,東証,2026/4/24,10:6:0,6013,6024,6011,6020,172500,6017.6,6029.08,6008.3067,6019.7733
58030,フジクラ,東証,2026/4/24,10:7:0,6020,6031,6020,6025,105100,6019,6029.6,6010,6019.8065
58030,フジクラ,東証,2026/4/24,10:8:0,6024,6034,6017,6030,109600,6020.6,6030.36,6011.8267,6019.8397
58030,フジクラ,東証,2026/4/24,10:9:0,6031,6031,6019,6022,82300,6021.8,6030.76,6013.5467,6019.8575
58030,フジクラ,東証,2026/4/24,10:10:0,6022,6034,6019,6027,121300,6024.8,6030.84,6015.3333,6019.9186
58030,フジクラ,東証,2026/4/24,10:11:0,6027,6031,6021,6029,77600,6026.6,6031.8,6017.1467,6019.9475
58030,フジクラ,東証,2026/4/24,10:12:0,6030,6039,6024,6037,127600,6029,6032.92,6019.0667,6020.0352
58030,フジクラ,東証,2026/4/24,10:13:0,6036,6048,6035,6045,115100,6032,6034.36,6021.0933,6020.1755
58030,フジクラ,東証,2026/4/24,10:14:0,6045,6048,6032,6039,127800,6035.4,6035.16,6023.04,6020.3108
58030,フジクラ,東証,2026/4/24,10:15:0,6039,6047,6035,6044,82300,6038.8,6036.2,6024,6020.407
58030,フジクラ,東証,2026/4/24,10:16:0,6043,6043,6031,6040,122500,6041,6036.56,6025.1333,6020.5158
58030,フジクラ,東証,2026/4/24,10:17:0,6039,6043,6023,6043,121000,6042.2,6036.08,6026.4667,6020.5858
58030,フジクラ,東証,2026/4/24,10:18:0,6041,6048,6037,6041,89000,6041.4,6035.64,6027.8533,6020.6884
58030,フジクラ,東証,2026/4/24,10:19:0,6042,6044,6031,6034,68700,6040.4,6034.8,6029.5067,6020.7482
58030,フジクラ,東証,2026/4/24,10:20:0,6034,6035,6014,6025,161900,6036.6,6033.68,6029.9733,6020.7616
58030,フジクラ,東証,2026/4/24,10:21:0,6025,6035,6023,6035,76900,6035.6,6033.16,6031.1467,6020.8016
58030,フジクラ,東証,2026/4/24,10:22:0,6035,6048,6034,6046,134400,6036.2,6032.6,6032.2133,6020.9458
58030,フジクラ,東証,2026/4/24,10:23:0,6046,6055,6045,6049,194600,6037.8,6032.6,6033.2,6021.2287
58030,フジクラ,東証,2026/4/24,10:24:0,6048,6055,6044,6054,91400,6041.8,6032.6,6034.1067,6021.3594
58030,フジクラ,東証,2026/4/24,10:25:0,6054,6063,6049,6062,139100,6049.2,6033.64,6034.8933,6021.6033
58030,フジクラ,東証,2026/4/24,10:26:0,6062,6083,6059,6079,286400,6058,6035.76,6036.4,6022.3308
58030,フジクラ,東証,2026/4/24,10:27:0,6079,6080,6070,6073,93600,6063.4,6037.96,6037.76,6022.5674
58030,フジクラ,東証,2026/4/24,10:28:0,6072,6084,6067,6080,122000,6069.6,6040.28,6039.28,6022.8971
58030,フジクラ,東証,2026/4/24,10:29:0,6080,6087,6074,6077,118500,6074.2,6042.72,6040.7067,6023.2335
58030,フジクラ,東証,2026/4/24,10:30:0,6076,6087,6070,6082,131800,6078.2,6045.52,6042.08,6023.5806
58030,フジクラ,東証,2026/4/24,10:31:0,6083,6085,6070,6070,75100,6076.4,6047.52,6042.9067,6023.7693
58030,フジクラ,東証,2026/4/24,10:32:0,6070,6071,6054,6067,161700,6075.2,6049.2,6043.7467,6024.0681
58030,フジクラ,東証,2026/4/24,10:33:0,6067,6072,6060,6072,64300,6073.6,6050.88,6044.3733,6024.1965
58030,フジクラ,東証,2026/4/24,10:34:0,6072,6074,6065,6068,63800,6071.8,6052.72,6044.8533,6024.3335
58030,フジクラ,東証,2026/4/24,10:35:0,6069,6069,6060,6065,62200,6068.4,6054.24,6045.0667,6024.4504
58030,フジクラ,東証,2026/4/24,10:36:0,6064,6065,6044,6049,157300,6064.2,6055.04,6045.0133,6024.6611
58030,フジクラ,東証,2026/4/24,10:37:0,6047,6057,6044,6056,130200,6062,6055.8,6045.1733,6024.8121
58030,フジクラ,東証,2026/4/24,10:38:0,6055,6060,6042,6046,91900,6056.8,6055.84,6045.3067,6024.9234
58030,フジクラ,東証,2026/4/24,10:39:0,6045,6046,6031,6035,114600,6050.2,6055.68,6045.5067,6024.9894
58030,フジクラ,東証,2026/4/24,10:40:0,6037,6047,6036,6047,69400,6046.6,6055.8,6045.8267,6025.041
58030,フジクラ,東証,2026/4/24,10:41:0,6047,6048,6041,6044,68400,6045.6,6055.96,6046.1467,6025.102
58030,フジクラ,東証,2026/4/24,10:42:0,6043,6045,6035,6043,60400,6043,6055.96,6046.0267,6025.1427
58030,フジクラ,東証,2026/4/24,10:43:0,6043,6044,6028,6030,94700,6039.8,6055.52,6045.76,6025.1845
58030,フジクラ,東証,2026/4/24,10:44:0,6030,6031,6022,6028,89200,6038.4,6055.28,6045.44,6025.192
58030,フジクラ,東証,2026/4/24,10:45:0,6029,6030,6008,6008,201900,6030.6,6054.6,6044.7733,6025.1254
58030,フジクラ,東証,2026/4/24,10:46:0,6008,6023,6002,6021,127500,6026,6054.04,6044.32,6025.0496
58030,フジクラ,東証,2026/4/24,10:47:0,6021,6035,6019,6033,111100,6024,6053.52,6043.6533,6025.0617
58030,フジクラ,東証,2026/4/24,10:48:0,6034,6044,6032,6042,125900,6026.4,6053.24,6043.0267,6025.1328
58030,フジクラ,東証,2026/4/24,10:49:0,6042,6048,6038,6046,91600,6030,6052.92,6042.4667,6025.2098
58030,フジクラ,東証,2026/4/24,10:50:0,6046,6048,6042,6044,67000,6037.2,6052.2,6041.9333,6025.2657
58030,フジクラ,東証,2026/4/24,10:51:0,6043,6049,6035,6036,114600,6040.2,6050.48,6041.2,6025.351
58030,フジクラ,東証,2026/4/24,10:52:0,6035,6039,6031,6035,60200,6040.6,6048.96,6040.44,6025.3737
58030,フジクラ,東証,2026/4/24,10:53:0,6036,6040,6023,6033,81800,6038.8,6047.08,6039.8,6025.3936
58030,フジクラ,東証,2026/4/24,10:54:0,6034,6035,6026,6033,55700,6036.2,6045.32,6039.3467,6025.4066
58030,フジクラ,東証,2026/4/24,10:55:0,6032,6034,6014,6015,107600,6030.4,6042.64,6038.9867,6025.3908
58030,フジクラ,東証,2026/4/24,10:56:0,6015,6018,6004,6009,170500,6025,6040.2,6038.9333,6025.2843
58030,フジクラ,東証,2026/4/24,10:57:0,6010,6026,6009,6024,79400,6022.8,6038.48,6039.0933,6025.2586
58030,フジクラ,東証,2026/4/24,10:58:0,6023,6029,6020,6023,89800,6020.8,6036.52,6039.2533,6025.2586
58030,フジクラ,東証,2026/4/24,10:59:0,6023,6024,6016,6021,55300,6018.4,6034.64,6039.3733,6025.244
58030,フジクラ,東証,2026/4/24,11:0:0,6021,6022,5999,6006,379100,6016.6,6032.28,6039.12,6024.934
58030,フジクラ,東証,2026/4/24,11:1:0,6006,6014,5998,6013,101200,6017.4,6030.84,6039.2267,6024.8492
58030,フジクラ,東証,2026/4/24,11:2:0,6014,6017,6001,6005,81600,6013.6,6028.8,6039.1733,6024.7922
58030,フジクラ,東証,2026/4/24,11:3:0,6006,6009,6002,6008,58400,6010.6,6027.28,6039.16,6024.7448
58030,フジクラ,東証,2026/4/24,11:4:0,6008,6013,6004,6006,57600,6007.6,6026.12,6038.9867,6024.7059
58030,フジクラ,東証,2026/4/24,11:5:0,6006,6007,5990,5990,185800,6004.4,6023.84,6038.6133,6024.5072
58030,フジクラ,東証,2026/4/24,11:6:0,5990,5996,5981,5996,138700,6001,6021.92,6038.1467,6024.3044
58030,フジクラ,東証,2026/4/24,11:7:0,5996,6000,5990,5993,66000,5998.6,6019.92,6037.32,6024.2269
58030,フジクラ,東証,2026/4/24,11:8:0,5992,5998,5990,5992,63400,5995.4,6018.4,6036.52,6024.1485
58030,フジクラ,東証,2026/4/24,11:9:0,5992,5996,5989,5991,74100,5992.4,6016.92,6035.6667,6024.0531
58030,フジクラ,東証,2026/4/24,11:10:0,5990,6010,5982,6009,215800,5996.2,6016.96,6035.08,6023.8215
58030,フジクラ,東証,2026/4/24,11:11:0,6010,6012,6000,6005,94500,5998,6016.32,6034.5067,6023.7479
58030,フジクラ,東証,2026/4/24,11:12:0,6004,6010,6002,6005,72800,6000.4,6015.2,6033.7733,6023.6959
58030,フジクラ,東証,2026/4/24,11:13:0,6006,6013,6003,6011,58400,6004.2,6013.96,6033.2667,6023.6615
58030,フジクラ,東証,2026/4/24,11:14:0,6011,6014,6008,6009,44000,6007.8,6012.48,6032.6667,6023.6391
58030,フジクラ,東証,2026/4/24,11:15:0,6009,6018,6005,6016,74800,6009.2,6011.36,6032.4,6023.6056
58030,フジクラ,東証,2026/4/24,11:16:0,6016,6028,6015,6027,121700,6013.6,6011,6032.4133,6023.5971
58030,フジクラ,東証,2026/4/24,11:17:0,6028,6036,6026,6030,136500,6018.6,6010.8,6032.5733,6023.6348
58030,フジクラ,東証,2026/4/24,11:18:0,6030,6030,6015,6016,84700,6019.6,6010.12,6032.4933,6023.6276
58030,フジクラ,東証,2026/4/24,11:19:0,6017,6022,6012,6022,82400,6022.2,6009.68,6032.5733,6023.6062
58030,フジクラ,東証,2026/4/24,11:20:0,6020,6023,6013,6019,61600,6022.8,6009.84,6032.6667,6023.5924
58030,フジクラ,東証,2026/4/24,11:21:0,6020,6023,6013,6017,73400,6020.8,6010.16,6032.6267,6023.5756
58030,フジクラ,東証,2026/4/24,11:22:0,6018,6020,6003,6010,90000,6016.8,6009.6,6032.4267,6023.5289
58030,フジクラ,東証,2026/4/24,11:23:0,6010,6010,6000,6008,53700,6015.2,6009,6032.1333,6023.491
58030,フジクラ,東証,2026/4/24,11:24:0,6009,6012,6001,6002,40200,6011.2,6008.24,6031.8667,6023.4639
58030,フジクラ,東証,2026/4/24,11:25:0,6003,6003,5991,5997,139300,6006.8,6007.88,6031.4667,6023.3264
58030,フジクラ,東証,2026/4/24,11:26:0,5997,6003,5994,5998,127000,6003,6007.28,6031.0533,6023.2108
58030,フジクラ,東証,2026/4/24,11:27:0,5998,6005,5995,6002,70600,6001.4,6007.16,6030.5867,6023.1519
58030,フジクラ,東証,2026/4/24,11:28:0,6003,6006,6002,6002,21200,6000.2,6006.92,6030.0133,6023.1363
58030,フジクラ,東証,2026/4/24,11:29:0,6002,6005,5995,6000,160900,5999.8,6006.68,6029.4933,6022.9947
58030,フジクラ,東証,2026/4/24,11:30:0,6003,6003,6003,6003,28000,6001,6007.2,6028.9467,6022.9736
58030,フジクラ,東証,2026/4/24,12:30:0,6003,6034,5999,6019,480000,6005.2,6008.12,6028.6667,6022.7573
58030,フジクラ,東証,2026/4/24,12:31:0,6017,6020,6001,6008,113100,6006.4,6008.72,6028.2,6022.6986
58030,フジクラ,東証,2026/4/24,12:32:0,6006,6016,5993,5998,133800,6005.6,6008.96,6027.6267,6022.5989
58030,フジクラ,東証,2026/4/24,12:33:0,5999,6018,5997,6014,142300,6008.4,6009.88,6027.36,6022.5211
58030,フジクラ,東証,2026/4/24,12:34:0,6014,6022,6012,6015,103700,6010.8,6010.12,6027.2267,6022.5005
58030,フジクラ,東証,2026/4/24,12:35:0,6014,6025,6014,6024,96600,6011.8,6010.88,6027.08,6022.4943
58030,フジクラ,東証,2026/4/24,12:36:0,6024,6030,6023,6024,117200,6015,6011.64,6026.7867,6022.5099
58030,フジクラ,東証,2026/4/24,12:37:0,6023,6028,6017,6028,95600,6021,6012.32,6026.5067,6022.505
58030,フジクラ,東証,2026/4/24,12:38:0,6027,6028,6022,6026,53200,6023.4,6013,6026.1333,6022.5084
58030,フジクラ,東証,2026/4/24,12:39:0,6025,6026,6008,6015,96800,6023.4,6012.96,6025.5067,6022.4895
58030,フジクラ,東証,2026/4/24,12:40:0,6015,6020,6009,6012,90200,6021,6012.36,6024.6133,6022.4629
58030,フジクラ,東証,2026/4/24,12:41:0,6013,6017,6009,6014,59100,6019,6011.72,6023.8267,6022.4412
58030,フジクラ,東証,2026/4/24,12:42:0,6014,6016,6006,6010,77100,6015.4,6011.48,6022.8933,6022.4099
58030,フジクラ,東証,2026/4/24,12:43:0,6010,6010,6000,6004,101300,6011,6010.76,6021.92,6022.3431
58030,フジクラ,東証,2026/4/24,12:44:0,6003,6005,6001,6001,47200,6008.2,6010.04,6020.84,6022.3113
58030,フジクラ,東証,2026/4/24,12:45:0,6001,6014,6001,6009,83400,6007.6,6009.72,6020.0267,6022.2717
58030,フジクラ,東証,2026/4/24,12:46:0,6010,6016,6010,6014,69200,6007.6,6009.88,6019.32,6022.2497
58030,フジクラ,東証,2026/4/24,12:47:0,6014,6023,6014,6020,97700,6009.6,6010.36,6018.6267,6022.2391
58030,フジクラ,東証,2026/4/24,12:48:0,6020,6039,6020,6037,212100,6016.2,6011.76,6018.2133,6022.2951
58030,フジクラ,東証,2026/4/24,12:49:0,6037,6046,6033,6045,155800,6025,6013.68,6017.9467,6022.3873
58030,フジクラ,東証,2026/4/24,12:50:0,6046,6046,6038,6042,93000,6031.6,6015.44,6017.8533,6022.4496
58030,フジクラ,東証,2026/4/24,12:51:0,6043,6045,6038,6045,74200,6037.8,6017.16,6017.7067,6022.4974
58030,フジクラ,東証,2026/4/24,12:52:0,6045,6049,6044,6047,101500,6043.2,6018.96,6017.72,6022.5809
58030,フジクラ,東証,2026/4/24,12:53:0,6047,6048,6040,6048,98600,6045.4,6020.88,6017.8933,6022.6516
58030,フジクラ,東証,2026/4/24,12:54:0,6048,6053,6045,6048,208900,6046,6022.68,6017.9067,6022.8412
58030,フジクラ,東証,2026/4/24,12:55:0,6048,6050,6041,6043,87300,6046.2,6023.64,6017.8933,6022.9048
58030,フジクラ,東証,2026/4/24,12:56:0,6044,6044,6034,6035,121300,6044.2,6024.72,6017.7867,6022.9682
58030,フジクラ,東証,2026/4/24,12:57:0,6036,6039,6033,6035,53000,6041.8,6026.2,6017.8533,6022.9915
58030,フジクラ,東証,2026/4/24,12:58:0,6034,6040,6033,6038,44300,6039.8,6027.16,6017.9867,6023.0121
58030,フジクラ,東証,2026/4/24,12:59:0,6037,6038,6026,6031,141400,6036.4,6027.8,6018.2933,6023.0534
58030,フジクラ,東証,2026/4/24,13:0:0,6032,6034,6008,6019,180900,6031.6,6027.6,6018.2667,6023.0316
58030,フジクラ,東証,2026/4/24,13:1:0,6020,6022,6008,6017,131800,6028,6027.32,6018.0533,6022.9918
58030,フジクラ,東証,2026/4/24,13:2:0,6018,6025,6016,6021,47200,6025.2,6027.04,6017.7733,6022.9885
58030,フジクラ,東証,2026/4/24,13:3:0,6020,6025,6020,6023,40300,6022.2,6026.92,6017.4667,6022.988
58030,フジクラ,東証,2026/4/24,13:4:0,6024,6029,6023,6024,62700,6020.8,6027.28,6017.2,6022.9942
58030,フジクラ,東証,2026/4/24,13:5:0,6024,6040,6023,6039,109800,6024.8,6028.36,6017.24,6023.0352
58030,フジクラ,東証,2026/4/24,13:6:0,6040,6050,6040,6047,116000,6030.8,6029.68,6017.4,6023.1157
58030,フジクラ,東証,2026/4/24,13:7:0,6048,6052,6043,6045,129600,6035.6,6031.08,6017.56,6023.22
58030,フジクラ,東証,2026/4/24,13:8:0,6045,6046,6037,6041,82400,6039.2,6032.56,6017.6667,6023.2667
58030,フジクラ,東証,2026/4/24,13:9:0,6041,6048,6039,6047,45200,6043.8,6034.4,6018.0933,6023.2987
58030,フジクラ,東証,2026/4/24,13:10:0,6047,6047,6038,6041,57200,6044.2,6035.68,6018.52,6023.3331
58030,フジクラ,東証,2026/4/24,13:11:0,6042,6042,6031,6034,65200,6041.6,6036.48,6018.6533,6023.3578
58030,フジクラ,東証,2026/4/24,13:12:0,6035,6045,6034,6043,50900,6041.2,6037.4,6018.92,6023.3866
58030,フジクラ,東証,2026/4/24,13:13:0,6043,6044,6038,6040,32200,6041,6037.52,6019.1733,6023.4046
58030,フジクラ,東証,2026/4/24,13:14:0,6040,6045,6037,6038,44000,6039.2,6037.24,6019.6,6023.4291
58030,フジクラ,東証,2026/4/24,13:15:0,6038,6039,6036,6038,34500,6038.6,6037.08,6019.9333,6023.4442
58030,フジクラ,東証,2026/4/24,13:16:0,6038,6039,6031,6038,72500,6039.4,6036.8,6020.3733,6023.4711
58030,フジクラ,東証,2026/4/24,13:17:0,6036,6037,6032,6034,36000,6037.6,6036.28,6020.72,6023.4835
58030,フジクラ,東証,2026/4/24,13:18:0,6034,6038,6033,6037,29100,6037,6035.84,6021.1333,6023.4947
58030,フジクラ,東証,2026/4/24,13:19:0,6037,6039,6033,6034,31100,6036.2,6035.28,6021.72,6023.5065
58030,フジクラ,東証,2026/4/24,13:20:0,6033,6036,6026,6027,84700,6034,6034.64,6022.1333,6023.5246
58030,フジクラ,東証,2026/4/24,13:21:0,6027,6032,6025,6027,42300,6031.8,6034.32,6022.5867,6023.5316
58030,フジクラ,東証,2026/4/24,13:22:0,6027,6028,6023,6025,54600,6030,6033.92,6023.0267,6023.5341
58030,フジクラ,東証,2026/4/24,13:23:0,6025,6033,6024,6028,43400,6028.2,6033.52,6023.52,6023.5415
58030,フジクラ,東証,2026/4/24,13:24:0,6029,6031,6027,6028,32300,6027,6033.4,6023.7733,6023.5469
58030,フジクラ,東証,2026/4/24,13:25:0,6027,6030,6022,6027,57400,6027,6033.72,6024.0667,6023.5501
58030,フジクラ,東証,2026/4/24,13:26:0,6026,6029,6022,6027,34200,6027,6034.12,6024.36,6023.5519
58030,フジクラ,東証,2026/4/24,13:27:0,6026,6031,6026,6028,42400,6027.6,6034.4,6024.5867,6023.5592
58030,フジクラ,東証,2026/4/24,13:28:0,6028,6030,6024,6025,39500,6027,6034.48,6024.8,6023.5625
58030,フジクラ,東証,2026/4/24,13:29:0,6025,6031,6023,6026,47100,6026.6,6034.56,6024.9333,6023.5676
58030,フジクラ,東証,2026/4/24,13:30:0,6025,6027,6020,6021,83400,6025.4,6033.84,6024.8533,6023.5649
58030,フジクラ,東証,2026/4/24,13:31:0,6021,6025,6021,6022,33200,6024.4,6032.84,6024.7467,6023.564
58030,フジクラ,東証,2026/4/24,13:32:0,6021,6023,6012,6012,88300,6021.2,6031.52,6024.6933,6023.5475
58030,フジクラ,東証,2026/4/24,13:33:0,6012,6017,6011,6011,46900,6018.4,6030.32,6024.5467,6023.5324
58030,フジクラ,東証,2026/4/24,13:34:0,6012,6018,6011,6014,35200,6016,6029,6024.48,6023.5221
58030,フジクラ,東証,2026/4/24,13:35:0,6015,6017,6006,6013,106600,6014.4,6027.88,6024.4267,6023.4823
58030,フジクラ,東証,2026/4/24,13:36:0,6013,6023,6013,6019,60500,6013.8,6027.28,6024.5467,6023.4731
58030,フジクラ,東証,2026/4/24,13:37:0,6020,6028,6020,6022,68200,6015.8,6026.44,6024.7333,6023.4747
58030,フジクラ,東証,2026/4/24,13:38:0,6022,6022,6015,6019,41300,6017.4,6025.6,6024.96,6023.468
58030,フジクラ,東証,2026/4/24,13:39:0,6019,6021,6016,6019,33400,6018.4,6024.84,6025.2533,6023.4626
58030,フジクラ,東証,2026/4/24,13:40:0,6018,6020,6016,6018,21300,6019.4,6024.04,6025.52,6023.459
58030,フジクラ,東証,2026/4/24,13:41:0,6018,6019,6017,6017,27900,6019,6023.2,6025.72,6023.4543
58030,フジクラ,東証,2026/4/24,13:42:0,6017,6018,6013,6013,44700,6017.2,6022.36,6025.8667,6023.4441
58030,フジクラ,東証,2026/4/24,13:43:0,6013,6020,6008,6019,91000,6017.2,6021.64,6026.12,6023.4169
58030,フジクラ,東証,2026/4/24,13:44:0,6018,6019,6013,6016,21800,6016.6,6020.92,6026.2933,6023.412
58030,フジクラ,東証,2026/4/24,13:45:0,6016,6025,6016,6024,87100,6017.8,6020.8,6026.36,6023.4048
58030,フジクラ,東証,2026/4/24,13:46:0,6025,6029,6023,6029,63300,6020.2,6020.88,6026.64,6023.4097
58030,フジクラ,東証,2026/4/24,13:47:0,6028,6043,6028,6042,148300,6026,6021.56,6027.2267,6023.4646
58030,フジクラ,東証,2026/4/24,13:48:0,6043,6045,6035,6038,90900,6029.8,6021.96,6027.5467,6023.5101
58030,フジクラ,東証,2026/4/24,13:49:0,6038,6047,6038,6038,78600,6034.2,6022.36,6027.8533,6023.5555
58030,フジクラ,東証,2026/4/24,13:50:0,6038,6040,6034,6036,46800,6036.6,6022.72,6028.0133,6023.5736
58030,フジクラ,東証,2026/4/24,13:51:0,6035,6042,6035,6038,43400,6038.4,6023.16,6028.2,6023.593
58030,フジクラ,東証,2026/4/24,13:52:0,6037,6038,6033,6033,36800,6036.6,6023.36,6028.2667,6023.6049
58030,フジクラ,東証,2026/4/24,13:53:0,6034,6034,6027,6032,77000,6035.4,6023.64,6028.3467,6023.6213
58030,フジクラ,東証,2026/4/24,13:54:0,6032,6032,6022,6022,67700,6032.2,6023.48,6028.44,6023.6258
58030,フジクラ,東証,2026/4/24,13:55:0,6022,6028,6018,6026,58700,6030.2,6023.68,6028.6267,6023.6258
58030,フジクラ,東証,2026/4/24,13:56:0,6026,6030,6023,6028,55500,6028.2,6023.92,6028.8133,6023.6315
58030,フジクラ,東証,2026/4/24,13:57:0,6028,6033,6026,6030,70800,6027.6,6024.64,6029.08,6023.646
58030,フジクラ,東証,2026/4/24,13:58:0,6030,6030,6028,6029,17700,6027,6025.36,6029.4133,6023.6488
58030,フジクラ,東証,2026/4/24,13:59:0,6029,6032,6028,6029,33700,6028.4,6025.96,6029.7867,6023.6549
58030,フジクラ,東証,2026/4/24,14:0:0,6030,6032,6025,6028,46000,6028.8,6026.56,6030.04,6023.6618
58030,フジクラ,東証,2026/4/24,14:1:0,6028,6029,6022,6022,41600,6027.6,6026.68,6030.1467,6023.665
58030,フジクラ,東証,2026/4/24,14:2:0,6024,6030,6022,6030,38500,6027.6,6027,6030.28,6023.6685
58030,フジクラ,東証,2026/4/24,14:3:0,6030,6031,6028,6029,30200,6027.6,6027.4,6030.1733,6023.6737
58030,フジクラ,東証,2026/4/24,14:4:0,6028,6029,6025,6029,14900,6027.6,6027.8,6029.96,6023.6753
58030,フジクラ,東証,2026/4/24,14:5:0,6028,6029,6026,6027,24500,6027.4,6028.16,6029.76,6023.6781
58030,フジクラ,東証,2026/4/24,14:6:0,6026,6033,6024,6033,59000,6029.6,6028.8,6029.6,6023.6859
58030,フジクラ,東証,2026/4/24,14:7:0,6032,6035,6030,6033,40900,6030.2,6029.6,6029.4133,6023.6961
58030,フジクラ,東証,2026/4/24,14:8:0,6033,6035,6026,6026,37500,6029.6,6029.88,6029.12,6023.7028
58030,フジクラ,東証,2026/4/24,14:9:0,6026,6035,6026,6033,26200,6030.4,6030.56,6028.92,6023.7085
58030,フジクラ,東証,2026/4/24,14:10:0,6033,6033,6028,6031,40400,6031.2,6030.84,6028.76,6023.7159
58030,フジクラ,東証,2026/4/24,14:11:0,6031,6033,6030,6032,27200,6031,6030.96,6028.72,6023.7216
58030,フジクラ,東証,2026/4/24,14:12:0,6032,6033,6029,6030,27200,6030.4,6030.48,6028.6533,6023.7272
58030,フジクラ,東証,2026/4/24,14:13:0,6030,6034,6028,6034,45600,6032,6030.32,6028.6,6023.7382
58030,フジクラ,東証,2026/4/24,14:14:0,6033,6043,6033,6041,107900,6033.6,6030.44,6028.7333,6023.7842
58030,フジクラ,東証,2026/4/24,14:15:0,6040,6052,6037,6049,235500,6037.2,6030.96,6029.1333,6023.9459
58030,フジクラ,東証,2026/4/24,14:16:0,6050,6052,6047,6050,76400,6040.8,6031.44,6029.5733,6024.0026
58030,フジクラ,東証,2026/4/24,14:17:0,6050,6051,6043,6045,70200,6043.8,6031.92,6029.8933,6024.0505
58030,フジクラ,東証,2026/4/24,14:18:0,6045,6046,6039,6040,54900,6045,6032.24,6030.12,6024.0777
58030,フジクラ,東証,2026/4/24,14:19:0,6041,6041,6035,6037,43600,6044.2,6032.84,6030.2933,6024.0947
58030,フジクラ,東証,2026/4/24,14:20:0,6038,6042,6024,6024,132400,6039.2,6032.76,6030.0933,6024.1298
58030,フジクラ,東証,2026/4/24,14:21:0,6026,6031,6025,6030,43600,6035.2,6032.84,6029.8667,6024.1349
58030,フジクラ,東証,2026/4/24,14:22:0,6030,6033,6026,6027,48300,6031.6,6032.72,6029.6267,6024.142
58030,フジクラ,東証,2026/4/24,14:23:0,6027,6034,6026,6033,33800,6030.2,6032.88,6029.52,6024.1482
58030,フジクラ,東証,2026/4/24,14:24:0,6033,6040,6032,6039,37600,6030.6,6033.28,6029.4133,6024.1619
58030,フジクラ,東証,2026/4/24,14:25:0,6039,6039,6028,6033,63100,6032.4,6033.48,6029.3067,6024.1776
58030,フジクラ,東証,2026/4/24,14:26:0,6033,6036,6031,6033,24700,6033,6033.92,6029.2933,6024.1842
58030,フジクラ,東証,2026/4/24,14:27:0,6033,6038,6033,6037,36200,6035,6034.2,6029.2133,6024.1955
58030,フジクラ,東証,2026/4/24,14:28:0,6037,6042,6034,6040,52800,6036.4,6034.64,6029.2133,6024.2172
58030,フジクラ,東証,2026/4/24,14:29:0,6040,6043,6036,6036,60200,6035.8,6034.92,6029.1867,6024.2434
58030,フジクラ,東証,2026/4/24,14:30:0,6037,6040,6031,6035,46500,6036.2,6035.24,6029.1467,6024.2569
58030,フジクラ,東証,2026/4/24,14:31:0,6035,6040,6035,6039,28800,6037.4,6035.48,6029.16,6024.2682
58030,フジクラ,東証,2026/4/24,14:32:0,6038,6040,6036,6038,30900,6037.6,6035.68,6029.2133,6024.2805
58030,フジクラ,東証,2026/4/24,14:33:0,6038,6040,6036,6037,26900,6037,6036.12,6029.2133,6024.2904
58030,フジクラ,東証,2026/4/24,14:34:0,6037,6040,6037,6038,68600,6037.4,6036.32,6029.2667,6024.319
58030,フジクラ,東証,2026/4/24,14:35:0,6039,6039,6035,6036,36900,6037.6,6036.52,6029.3867,6024.3317
58030,フジクラ,東証,2026/4/24,14:36:0,6036,6041,6036,6039,40300,6037.6,6036.8,6029.5467,6024.3484
58030,フジクラ,東証,2026/4/24,14:37:0,6039,6042,6038,6042,47900,6038.4,6037.28,6029.7733,6024.369
58030,フジクラ,東証,2026/4/24,14:38:0,6041,6042,6040,6040,32200,6039,6037.52,6029.9333,6024.384
58030,フジクラ,東証,2026/4/24,14:39:0,6039,6042,6039,6041,36700,6039.6,6037.52,6030.1067,6024.4001
58030,フジクラ,東証,2026/4/24,14:40:0,6041,6041,6034,6035,77500,6039.4,6036.96,6030.2133,6024.428
58030,フジクラ,東証,2026/4/24,14:41:0,6034,6039,6033,6034,50700,6038.4,6036.32,6030.3067,6024.445
58030,フジクラ,東証,2026/4/24,14:42:0,6034,6038,6034,6036,23400,6037.2,6035.96,6030.4133,6024.4523
58030,フジクラ,東証,2026/4/24,14:43:0,6035,6037,6033,6035,22200,6036.2,6035.76,6030.5467,6024.4587
58030,フジクラ,東証,2026/4/24,14:44:0,6034,6037,6032,6034,45900,6034.8,6035.64,6030.6533,6024.4714
58030,フジクラ,東証,2026/4/24,14:45:0,6035,6037,6034,6037,33700,6035.2,6036.16,6030.8667,6024.482
58030,フジクラ,東証,2026/4/24,14:46:0,6037,6038,6035,6036,36900,6035.6,6036.4,6031.0533,6024.4945
58030,フジクラ,東証,2026/4/24,14:47:0,6036,6039,6036,6036,34100,6035.6,6036.76,6031.3733,6024.5069
58030,フジクラ,東証,2026/4/24,14:48:0,6036,6040,6036,6038,33000,6036.2,6036.96,6031.7333,6024.5197
58030,フジクラ,東証,2026/4/24,14:49:0,6038,6039,6036,6039,31100,6037.2,6036.96,6032.0667,6024.5311
58030,フジクラ,東証,2026/4/24,14:50:0,6039,6044,6035,6038,97400,6037.4,6037.16,6032.4,6024.5706
58030,フジクラ,東証,2026/4/24,14:51:0,6037,6039,6036,6038,34000,6037.8,6037.36,6032.6533,6024.5827
58030,フジクラ,東証,2026/4/24,14:52:0,6038,6041,6035,6036,58600,6037.8,6037.32,6032.84,6024.6036
58030,フジクラ,東証,2026/4/24,14:53:0,6036,6037,6035,6035,24300,6037.2,6037.12,6033.0533,6024.6112
58030,フジクラ,東証,2026/4/24,14:54:0,6036,6036,6030,6032,68000,6035.8,6036.96,6033.2267,6024.6263
58030,フジクラ,東証,2026/4/24,14:55:0,6032,6033,6023,6029,110300,6034,6036.72,6033.3733,6024.6331
58030,フジクラ,東証,2026/4/24,14:56:0,6028,6029,6022,6022,56300,6030.8,6036.04,6033.44,6024.6335
58030,フジクラ,東証,2026/4/24,14:57:0,6021,6028,6021,6025,42500,6028.6,6035.52,6033.6,6024.6343
58030,フジクラ,東証,2026/4/24,14:58:0,6026,6032,6025,6031,75400,6027.8,6035.28,6033.76,6024.6427
58030,フジクラ,東証,2026/4/24,14:59:0,6031,6039,6031,6039,86400,6029.2,6035.32,6034.0667,6024.6679
58030,フジクラ,東証,2026/4/24,15:0:0,6039,6048,6036,6046,150300,6032.6,6035.72,6034.36,6024.7419
58030,フジクラ,東証,2026/4/24,15:1:0,6046,6054,6042,6053,153700,6038.8,6036.28,6034.68,6024.8419
58030,フジクラ,東証,2026/4/24,15:2:0,6053,6063,6050,6061,244100,6046,6037.04,6034.9333,6025.0507
58030,フジクラ,東証,2026/4/24,15:3:0,6061,6062,6054,6054,93100,6050.6,6037.6,6035.1467,6025.1325
58030,フジクラ,東証,2026/4/24,15:4:0,6054,6063,6053,6060,89800,6054.8,6038.36,6035.44,6025.2123
58030,フジクラ,東証,2026/4/24,15:5:0,6061,6066,6058,6059,132300,6057.4,6039.32,6035.7467,6025.3416
58030,フジクラ,東証,2026/4/24,15:6:0,6058,6058,6048,6049,96000,6056.6,6039.92,6035.8933,6025.4096
58030,フジクラ,東証,2026/4/24,15:7:0,6049,6052,6047,6051,53800,6054.6,6040.52,6036.1333,6025.4444
58030,フジクラ,東証,2026/4/24,15:8:0,6052,6058,6050,6055,63100,6054.8,6041.32,6036.44,6025.4924
58030,フジクラ,東証,2026/4/24,15:9:0,6054,6057,6052,6056,35500,6054,6042.2,6036.8933,6025.5203
58030,フジクラ,東証,2026/4/24,15:10:0,6056,6057,6052,6055,54400,6053.2,6042.92,6037.28,6025.5604
58030,フジクラ,東証,2026/4/24,15:11:0,6055,6058,6045,6047,98400,6052.8,6043.36,6037.5333,6025.6254
58030,フジクラ,東証,2026/4/24,15:12:0,6047,6052,6043,6049,64900,6052.4,6043.88,6037.7867,6025.6627
58030,フジクラ,東証,2026/4/24,15:13:0,6049,6056,6048,6055,68400,6052.4,6044.56,6038.1333,6025.7113
58030,フジクラ,東証,2026/4/24,15:14:0,6055,6059,6055,6057,54600,6052.6,6045.28,6038.5067,6025.756
58030,フジクラ,東証,2026/4/24,15:15:0,6056,6057,6053,6053,70000,6052.2,6045.88,6038.84,6025.8101
58030,フジクラ,東証,2026/4/24,15:16:0,6053,6054,6048,6050,65400,6052.8,6046.36,6039.2133,6025.8524
58030,フジクラ,東証,2026/4/24,15:17:0,6050,6050,6033,6036,119500,6050.2,6046.36,6039.2933,6025.901
58030,フジクラ,東証,2026/4/24,15:18:0,6036,6039,6031,6034,69000,6046,6046.32,6039.36,6025.9165
58030,フジクラ,東証,2026/4/24,15:19:0,6035,6038,6028,6037,74200,6042,6046.52,6039.4667,6025.9294
58030,フジクラ,東証,2026/4/24,15:20:0,6037,6047,6035,6045,98000,6040.4,6047.16,6039.7067,6025.9658
58030,フジクラ,東証,2026/4/24,15:21:0,6044,6048,6039,6045,68100,6039.4,6048.08,6039.8667,6025.997
58030,フジクラ,東証,2026/4/24,15:22:0,6046,6056,6041,6053,163900,6042.8,6049.2,6040.1333,6026.1011
58030,フジクラ,東証,2026/4/24,15:23:0,6054,6058,6049,6057,75300,6047.4,6050.24,6040.5467,6026.1533
58030,フジクラ,東証,2026/4/24,15:24:0,6057,6066,6051,6060,223700,6052,6051.08,6040.9067,6026.3491
58030,フジクラ,東証,2026/4/24,15:25:0,-,-,-,-,0,6055,6051.64,6041.2933,6026.3491
58030,フジクラ,東証,2026/4/24,15:26:0,-,-,-,-,0,6058,6051.92,6041.6667,6026.3491
58030,フジクラ,東証,2026/4/24,15:27:0,-,-,-,-,0,6059.4,6051.88,6042.0667,6026.3491
58030,フジクラ,東証,2026/4/24,15:28:0,-,-,-,-,0,6060,6052.12,6042.4133,6026.3491
58030,フジクラ,東証,2026/4/24,15:29:0,-,-,-,-,0,6060,6052.12,6042.6667,6026.3491
58030,フジクラ,東証,2026/4/24,15:30:0,6037,6037,6037,6037,1499600,6055.4,6051.24,6042.5067,6026.7402
58030,フジクラ,東証,2026/4/27,9:0:0,6037,6050,5993,6038,1286200,6051,6050.8,6042.3467,6028.9702
58030,フジクラ,東証,2026/4/27,9:1:0,6042,6100,6007,6087,778000,6056.4,6052.24,6042.9067,6039.1006
58030,フジクラ,東証,2026/4/27,9:2:0,6085,6130,6059,6099,499800,6064.2,6054,6043.6933,6050.4656
58030,フジクラ,東証,2026/4/27,9:3:0,6096,6099,6051,6080,365100,6068.2,6054.96,6044.2667,6054.1121
58030,フジクラ,東証,2026/4/27,9:4:0,6078,6095,6057,6091,252600,6079,6056.4,6045.16,6055.7801
58030,フジクラ,東証,2026/4/27,9:5:0,6090,6125,6088,6113,449400,6094,6059.04,6046.2667,6062.1224
58030,フジクラ,東証,2026/4/27,9:6:0,6113,6128,6068,6072,467300,6091,6059.96,6046.8667,6066.9179
58030,フジクラ,東証,2026/4/27,9:7:0,6071,6098,6044,6069,408900,6085,6060.52,6047.3467,6067.036
58030,フジクラ,東証,2026/4/27,9:8:0,6069,6108,6060,6101,315100,6089.2,6062.28,6048.1733,6068.2618
58030,フジクラ,東証,2026/4/27,9:9:0,6104,6118,6089,6100,419300,6091,6064.16,6049.0667,6071.0294
58030,フジクラ,東証,2026/4/27,9:10:0,6099,6114,6066,6083,373700,6085,6065.48,6049.7333,6072.2776
58030,フジクラ,東証,2026/4/27,9:11:0,6083,6086,6048,6073,355900,6085.2,6066.96,6050.2133,6071.7071
58030,フジクラ,東証,2026/4/27,9:12:0,6071,6078,6034,6069,434500,6085.2,6068.36,6050.6,6070.4774
58030,フジクラ,東証,2026/4/27,9:13:0,6069,6082,6046,6059,243000,6076.8,6069.24,6050.9067,6070.287
58030,フジクラ,東証,2026/4/27,9:14:0,6060,6069,6041,6059,199300,6068.6,6069.8,6051.2267,6069.8002
58030,フジクラ,東証,2026/4/27,9:15:0,6056,6076,6049,6062,294600,6064.4,6070.48,6051.5333,6069.5409
58030,フジクラ,東証,2026/4/27,9:16:0,6062,6069,6049,6058,228800,6061.4,6070.68,6051.8,6069.1724
58030,フジクラ,東証,2026/4/27,9:17:0,6056,6061,6042,6057,236700,6059,6070.68,6052.0667,6068.6619
58030,フジクラ,東証,2026/4/27,9:18:0,6058,6075,6053,6064,212000,6060,6070.84,6052.4133,6068.5739
58030,フジクラ,東証,2026/4/27,9:19:0,6064,6099,6063,6093,334600,6066.8,6072.16,6053.1733,6069.1764
58030,フジクラ,東証,2026/4/27,9:20:0,6093,6100,6077,6081,256700,6070.6,6073,6053.7333,6069.7604
58030,フジクラ,東証,2026/4/27,9:21:0,6081,6090,6070,6086,199900,6076.2,6074.04,6054.32,6069.9658
58030,フジクラ,東証,2026/4/27,9:22:0,6086,6093,6078,6084,177000,6081.6,6075,6054.9067,6070.2888
58030,フジクラ,東証,2026/4/27,9:23:0,6083,6086,6071,6078,168700,6084.4,6075.72,6055.4,6070.4483
58030,フジクラ,東証,2026/4/27,9:24:0,6078,6088,6071,6084,179500,6082.6,6077.6,6056.0533,6070.6469
58030,フジクラ,東証,2026/4/27,9:25:0,6084,6113,6079,6106,454600,6087.6,6080.32,6057.0133,6072.0598
58030,フジクラ,東証,2026/4/27,9:26:0,6105,6124,6101,6124,328900,6095.2,6081.8,6058.1867,6073.4555
58030,フジクラ,東証,2026/4/27,9:27:0,6122,6138,6114,6124,405500,6103.2,6082.8,6059.3733,6075.573
58030,フジクラ,東証,2026/4/27,9:28:0,6125,6139,6117,6128,243200,6113.2,6084.72,6060.6267,6076.7964
58030,フジクラ,東証,2026/4/27,9:29:0,6128,6135,6116,6133,290400,6123,6086.4,6061.9067,6078.097
58030,フジクラ,東証,2026/4/27,9:30:0,6133,6137,6110,6137,374100,6129.2,6087.36,6063.2533,6079.6503
58030,フジクラ,東証,2026/4/27,9:31:0,6137,6163,6137,6159,697900,6136.2,6090.84,6064.8933,6083.8434
58030,フジクラ,東証,2026/4/27,9:32:0,6158,6162,6118,6139,429600,6139.2,6093.64,6066.24,6085.9066
58030,フジクラ,東証,2026/4/27,9:33:0,6140,6150,6121,6127,301700,6139,6094.68,6067.4133,6087.1716
58030,フジクラ,東証,2026/4/27,9:34:0,6126,6142,6114,6119,230700,6136.2,6095.44,6068.4933,6087.8609
58030,フジクラ,東証,2026/4/27,9:35:0,6117,6132,6108,6117,227400,6132.2,6096.8,6069.5467,6088.4122
58030,フジクラ,東証,2026/4/27,9:36:0,6117,6129,6115,6126,158500,6125.6,6098.92,6070.7467,6088.8176
58030,フジクラ,東証,2026/4/27,9:37:0,6127,6134,6123,6133,158200,6124.4,6101.48,6072.0533,6089.3018
58030,フジクラ,東証,2026/4/27,9:38:0,6132,6142,6125,6126,239000,6124.2,6104.16,6073.3067,6090.0831
58030,フジクラ,東証,2026/4/27,9:39:0,6126,6129,6095,6113,350300,6123,6106.32,6074.4267,6090.5607
58030,フジクラ,東証,2026/4/27,9:40:0,6114,6129,6109,6127,165100,6125,6108.92,6075.8267,6090.9077
58030,フジクラ,東証,2026/4/27,9:41:0,6128,6150,6126,6144,277900,6128.6,6112.36,6077.4133,6091.8471
58030,フジクラ,東証,2026/4/27,9:42:0,6143,6154,6141,6146,204500,6131.2,6115.92,6078.9467,6092.6276
58030,フジクラ,東証,2026/4/27,9:43:0,6146,6154,6133,6146,175500,6135.2,6119.2,6080.3733,6093.2497
58030,フジクラ,東証,2026/4/27,9:44:0,6148,6164,6142,6160,314300,6144.6,6121.88,6081.8933,6094.5681
58030,フジクラ,東証,2026/4/27,9:45:0,6160,6164,6152,6158,173800,6150.8,6124.96,6083.2933,6095.2905
58030,フジクラ,東証,2026/4/27,9:46:0,6159,6178,6152,6176,336200,6157.2,6128.56,6084.8267,6096.8498
58030,フジクラ,東証,2026/4/27,9:47:0,6177,6193,6174,6190,327200,6166,6132.8,6086.64,6098.6094
58030,フジクラ,東証,2026/4/27,9:48:0,6190,6194,6181,6194,190700,6175.6,6137.44,6088.4267,6099.6624
58030,フジクラ,東証,2026/4/27,9:49:0,6194,6198,6183,6192,298300,6182,6141.76,6090.2,6101.3094
58030,フジクラ,東証,2026/4/27,9:50:0,6191,6194,6182,6188,231400,6188,6145.04,6092.0533,6102.5167
58030,フジクラ,東証,2026/4/27,9:51:0,6188,6190,6180,6182,160800,6189.2,6147.36,6093.8,6103.2957
58030,フジクラ,東証,2026/4/27,9:52:0,6182,6183,6159,6165,320600,6184.2,6149,6095.2667,6104.5766
58030,フジクラ,東証,2026/4/27,9:53:0,6166,6174,6159,6169,128400,6179.2,6150.64,6096.7733,6105.0432
58030,フジクラ,東証,2026/4/27,9:54:0,6171,6181,6166,6173,157300,6175.4,6152.24,6098.3467,6105.6723
58030,フジクラ,東証,2026/4/27,9:55:0,6174,6175,6164,6168,146100,6171.4,6153.48,6099.96,6106.1869
58030,フジクラ,東証,2026/4/27,9:56:0,6167,6180,6165,6180,111600,6171,6154.32,6101.7067,6106.6151
58030,フジクラ,東証,2026/4/27,9:57:0,6180,6190,6176,6187,159300,6175.4,6156.24,6103.4667,6107.2845
58030,フジクラ,東証,2026/4/27,9:58:0,6187,6204,6183,6200,725900,6181.6,6159.16,6105.3733,6110.8039
58030,フジクラ,東証,2026/4/27,9:59:0,6201,6204,6194,6204,151400,6187.8,6162.56,6107.3867,6111.5241
58030,フジクラ,東証,2026/4/27,10:0:0,6204,6229,6202,6227,494800,6199.6,6166.96,6109.7467,6114.2302
58030,フジクラ,東証,2026/4/27,10:1:0,6227,6249,6220,6238,357700,6211.2,6171.44,6112.44,6116.4564
58030,フジクラ,東証,2026/4/27,10:2:0,6238,6244,6222,6244,212800,6222.6,6175.88,6115.24,6117.6953
58030,フジクラ,東証,2026/4/27,10:3:0,6243,6243,6218,6229,245900,6228.4,6180,6117.8,6119.054
58030,フジクラ,東証,2026/4/27,10:4:0,6229,6238,6216,6233,218000,6234.2,6184.8,6120.3067,6120.229
58030,フジクラ,東証,2026/4/27,10:5:0,6232,6237,6224,6232,162600,6235.2,6189,6122.8,6121.1173
58030,フジクラ,東証,2026/4/27,10:6:0,6233,6233,6207,6212,292700,6230,6191.72,6124.92,6122.4801
58030,フジクラ,東証,2026/4/27,10:7:0,6210,6219,6203,6217,154200,6224.6,6194.56,6127.0533,6123.1205
58030,フジクラ,東証,2026/4/27,10:8:0,6217,6220,6204,6212,165500,6221.2,6197.2,6129.08,6123.821
58030,フジクラ,東証,2026/4/27,10:9:0,6213,6227,6212,6218,163300,6218.2,6199.52,6131.1867,6124.5538
58030,フジクラ,東証,2026/4/27,10:10:0,6216,6226,6215,6219,153500,6215.6,6201.96,6133.3067,6125.2493
58030,フジクラ,東証,2026/4/27,10:11:0,6220,6236,6219,6235,179100,6220.2,6204.32,6135.64,6126.1075
58030,フジクラ,東証,2026/4/27,10:12:0,6236,6249,6234,6247,264200,6226.2,6206.6,6138.1333,6127.5254
58030,フジクラ,東証,2026/4/27,10:13:0,6247,6248,6231,6233,189100,6230.4,6208.16,6140.44,6128.4709
58030,フジクラ,東証,2026/4/27,10:14:0,6233,6239,6213,6214,212300,6229.6,6209.04,6142.8,6129.3925
58030,フジクラ,東証,2026/4/27,10:15:0,6213,6233,6212,6223,129600,6230.4,6210.44,6145.2667,6129.9412
58030,フジクラ,東証,2026/4/27,10:16:0,6223,6230,6218,6228,128500,6229,6212.28,6147.1467,6130.4766
58030,フジクラ,東証,2026/4/27,10:17:0,6226,6234,6223,6225,97700,6224.6,6214.68,6148.8267,6130.9007
58030,フジクラ,東証,2026/4/27,10:18:0,6226,6232,6223,6230,75500,6224,6217.12,6150.8267,6131.2209
58030,フジクラ,東証,2026/4/27,10:19:0,6230,6237,6229,6233,95500,6227.8,6219.52,6152.72,6131.6503
58030,フジクラ,東証,2026/4/27,10:20:0,6233,6245,6232,6242,149000,6231.6,6222.48,6154.44,6132.3547
58030,フジクラ,東証,2026/4/27,10:21:0,6241,6243,6230,6234,107100,6232.8,6224.64,6156.6,6132.8421
58030,フジクラ,東証,2026/4/27,10:22:0,6232,6245,6230,6244,174500,6236.6,6226.92,6158.9333,6133.636
58030,フジクラ,東証,2026/4/27,10:23:0,6243,6248,6238,6245,215500,6239.6,6228.72,6160.8533,6134.6506
58030,フジクラ,東証,2026/4/27,10:24:0,6244,6257,6244,6252,471300,6243.4,6230.64,6162.88,6136.9309
58030,フジクラ,東証,2026/4/27,10:25:0,6252,6268,6245,6266,307300,6248.2,6232.2,6165.32,6138.4721
58030,フジクラ,東証,2026/4/27,10:26:0,6264,6268,6259,6263,145600,6254,6233.2,6167.8533,6139.2202
58030,フジクラ,東証,2026/4/27,10:27:0,6263,6264,6244,6254,234700,6256,6233.6,6170.32,6140.3095
58030,フジクラ,東証,2026/4/27,10:28:0,6253,6274,6250,6274,211000,6261.8,6235.4,6173.1867,6141.3681
58030,フジクラ,東証,2026/4/27,10:29:0,6273,6296,6273,6293,395000,6270,6237.8,6176.3067,6143.6375
58030,フジクラ,東証,2026/4/27,10:30:0,6292,6297,6281,6281,202500,6273,6239.76,6179.2267,6144.8116
58030,フジクラ,東証,2026/4/27,10:31:0,6281,6296,6278,6293,190800,6279,6243,6182.36,6145.8761
58030,フジクラ,東証,2026/4/27,10:32:0,6294,6299,6287,6292,233200,6286.6,6246,6185.4933,6147.2131
58030,フジクラ,東証,2026/4/27,10:33:0,6292,6295,6284,6292,164800,6290.2,6249.2,6188.5333,6148.1145
58030,フジクラ,東証,2026/4/27,10:34:0,6291,6315,6290,6312,513300,6294,6252.96,6191.4533,6151.1026
58030,フジクラ,東証,2026/4/27,10:35:0,6311,6313,6297,6299,209100,6297.6,6256.16,6194.36,6152.3067
58030,フジクラ,東証,2026/4/27,10:36:0,6298,6303,6284,6293,236700,6297.6,6258.48,6197.12,6153.5281
58030,フジクラ,東証,2026/4/27,10:37:0,6293,6296,6288,6292,109900,6297.6,6260.28,6199.8933,6154.0917
58030,フジクラ,東証,2026/4/27,10:38:0,6292,6300,6288,6297,113300,6298.6,6262.84,6202.8133,6154.6782
58030,フジクラ,東証,2026/4/27,10:39:0,6294,6300,6285,6286,187100,6293.4,6265.72,6205.5067,6155.6148
58030,フジクラ,東証,2026/4/27,10:40:0,6286,6288,6275,6287,226700,6291,6268.28,6207.92,6156.6478
58030,フジクラ,東証,2026/4/27,10:41:0,6286,6288,6276,6284,138300,6289.2,6270.52,6210.0533,6157.2706
58030,フジクラ,東証,2026/4/27,10:42:0,6282,6287,6272,6272,154700,6285.2,6272.4,6212.0267,6157.9507
58030,フジクラ,東証,2026/4/27,10:43:0,6273,6282,6271,6277,115800,6281.2,6274.28,6214.0133,6158.4426
58030,フジクラ,東証,2026/4/27,10:44:0,6277,6277,6255,6274,321300,6278.8,6275.92,6215.8933,6159.6424
58030,フジクラ,東証,2026/4/27,10:45:0,6275,6283,6271,6281,140400,6277.6,6277.48,6217.8133,6160.2203
58030,フジクラ,東証,2026/4/27,10:46:0,6281,6288,6275,6280,159700,6276.8,6279.32,6219.4267,6160.8946
58030,フジクラ,東証,2026/4/27,10:47:0,6280,6283,6273,6275,125700,6277.4,6280.56,6221.24,6161.4057
58030,フジクラ,東証,2026/4/27,10:48:0,6276,6281,6275,6278,78700,6277.6,6281.88,6223.2533,6161.7241
58030,フジクラ,東証,2026/4/27,10:49:0,6277,6285,6276,6282,102600,6279.2,6283.08,6225.4267,6162.1484
58030,フジクラ,東証,2026/4/27,10:50:0,6283,6293,6276,6291,193800,6281.2,6284.08,6227.7467,6162.9658
58030,フジクラ,東証,2026/4/27,10:51:0,6291,6298,6284,6289,216000,6283,6285.12,6229.92,6163.9282
58030,フジクラ,東証,2026/4/27,10:52:0,6289,6304,6288,6296,227000,6287.2,6286.8,6232.0933,6164.9663
58030,フジクラ,東証,2026/4/27,10:53:0,6296,6305,6291,6298,146400,6291.2,6287.76,6234.3867,6165.6305
58030,フジクラ,東証,2026/4/27,10:54:0,6299,6304,6293,6299,117700,6294.6,6288,6236.8667,6166.1581
58030,フジクラ,東証,2026/4/27,10:55:0,6298,6301,6293,6296,86600,6295.6,6288.6,6239.12,6166.5369
58030,フジクラ,東証,2026/4/27,10:56:0,6296,6305,6289,6300,234100,6297.8,6288.88,6241.2,6167.557
58030,フジクラ,東証,2026/4/27,10:57:0,6300,6304,6290,6303,134700,6299.2,6289.32,6243.2933,6168.1362
58030,フジクラ,東証,2026/4/27,10:58:0,6304,6319,6303,6318,266000,6303.2,6290.36,6245.5867,6169.3837
58030,フジクラ,東証,2026/4/27,10:59:0,6318,6328,6317,6322,265900,6307.8,6290.76,6247.7467,6170.7073
58030,フジクラ,東証,2026/4/27,11:0:0,6322,6325,6291,6291,410900,6306.8,6290.44,6249.52,6172.4811
58030,フジクラ,東証,2026/4/27,11:1:0,6291,6308,6282,6299,260100,6306.6,6290.68,6251.16,6173.4943
58030,フジクラ,東証,2026/4/27,11:2:0,6298,6308,6298,6304,121600,6306.8,6291.16,6252.68,6173.9958
58030,フジクラ,東証,2026/4/27,11:3:0,6304,6305,6287,6290,193000,6301.2,6290.88,6253.96,6174.7406
58030,フジクラ,東証,2026/4/27,11:4:0,6290,6293,6283,6285,127000,6293.8,6290.84,6255.2,6175.1931
58030,フジクラ,東証,2026/4/27,11:5:0,6286,6294,6278,6282,227900,6292,6290.64,6256.4533,6175.9727
58030,フジクラ,東証,2026/4/27,11:6:0,6282,6293,6281,6289,69900,6290,6290.84,6257.88,6176.2126
58030,フジクラ,東証,2026/4/27,11:7:0,6289,6298,6285,6297,98400,6288.6,6291.84,6259.64,6176.5684
58030,フジクラ,東証,2026/4/27,11:8:0,6298,6302,6296,6298,99100,6290.2,6292.68,6261.36,6176.944
58030,フジクラ,東証,2026/4/27,11:9:0,6300,6304,6292,6298,93000,6292.8,6293.64,6263.0267,6177.2917
58030,フジクラ,東証,2026/4/27,11:10:0,6297,6298,6292,6292,68600,6294.8,6294.08,6264.68,6177.5392
58030,フジクラ,東証,2026/4/27,11:11:0,6293,6298,6290,6295,76000,6296,6294.68,6266.2133,6177.8084
58030,フジクラ,東証,2026/4/27,11:12:0,6295,6295,6260,6273,277000,6291.2,6294.6,6267.36,6178.658
58030,フジクラ,東証,2026/4/27,11:13:0,6271,6293,6268,6288,110900,6289.2,6295,6268.5333,6179.0038
58030,フジクラ,東証,2026/4/27,11:14:0,6287,6291,6284,6287,75300,6287,6295.2,6269.64,6179.2521
58030,フジクラ,東証,2026/4/27,11:15:0,6286,6289,6274,6284,85100,6285.4,6294.92,6270.4,6179.5154
58030,フジクラ,東証,2026/4/27,11:16:0,6285,6296,6284,6292,123000,6284.8,6295.04,6271.12,6179.9317
58030,フジクラ,東証,2026/4/27,11:17:0,6293,6295,6290,6293,46200,6288.8,6294.92,6271.7733,6180.0873
58030,フジクラ,東証,2026/4/27,11:18:0,6293,6295,6284,6291,78900,6289.4,6294.64,6272.6,6180.3455
58030,フジクラ,東証,2026/4/27,11:19:0,6291,6292,6285,6290,60400,6290,6294.28,6273.36,6180.5408
58030,フジクラ,東証,2026/4/27,11:20:0,6291,6293,6283,6287,79000,6290.6,6293.92,6274.0933,6180.7947
58030,フジクラ,東証,2026/4/27,11:21:0,6286,6290,6284,6285,49900,6289.2,6293.32,6275.0667,6180.9515
58030,フジクラ,東証,2026/4/27,11:22:0,6285,6297,6285,6295,106400,6289.6,6293,6276.1067,6181.3049
58030,フジクラ,東証,2026/4/27,11:23:0,6294,6296,6292,6295,42500,6290.4,6292.08,6277.2133,6181.4467
58030,フジクラ,東証,2026/4/27,11:24:0,6294,6294,6287,6288,45000,6290,6290.72,6278.1467,6181.5919
58030,フジクラ,東証,2026/4/27,11:25:0,6287,6295,6287,6294,45900,6291.4,6290.84,6279.1467,6181.7428
58030,フジクラ,東証,2026/4/27,11:26:0,6294,6318,6294,6315,276600,6297.4,6291.48,6280.2133,6182.7335
58030,フジクラ,東証,2026/4/27,11:27:0,6317,6318,6308,6310,81800,6300.4,6291.72,6281.0533,6183.0418
58030,フジクラ,東証,2026/4/27,11:28:0,6311,6318,6306,6317,85600,6304.8,6292.8,6282.1733,6183.3653
58030,フジクラ,東証,2026/4/27,11:29:0,6317,6320,6315,6315,85700,6310.2,6294,6283.52,6183.7
58030,フジクラ,東証,2026/4/27,11:30:0,6320,6320,6320,6320,28500,6315.4,6295.52,6284.8133,6183.8129
58030,フジクラ,東証,2026/4/27,12:30:0,6312,6358,6304,6325,932900,6317.4,6296.96,6286.1067,6187.6112
58030,フジクラ,東証,2026/4/27,12:31:0,6325,6345,6325,6337,231900,6322.8,6298.56,6287.6,6188.594
58030,フジクラ,東証,2026/4/27,12:32:0,6336,6347,6335,6347,158400,6328.8,6300.52,6289.16,6189.2696
58030,フジクラ,東証,2026/4/27,12:33:0,6347,6356,6347,6353,177300,6336.4,6302.72,6290.76,6190.0692
58030,フジクラ,東証,2026/4/27,12:34:0,6354,6369,6353,6354,279500,6343.2,6305.2,6292.2533,6191.3817
58030,フジクラ,東証,2026/4/27,12:35:0,6354,6356,6343,6351,203000,6348.4,6307.44,6293.8133,6192.2649
58030,フジクラ,東証,2026/4/27,12:36:0,6354,6356,6345,6352,161600,6351.4,6310.6,6295.2533,6192.9629
58030,フジクラ,東証,2026/4/27,12:37:0,6353,6354,6343,6346,97800,6351.2,6312.92,6296.6,6193.3776
58030,フジクラ,東証,2026/4/27,12:38:0,6346,6353,6345,6353,86000,6351.2,6315.56,6297.9467,6193.7411
58030,フジクラ,東証,2026/4/27,12:39:0,6353,6372,6348,6366,276500,6353.6,6318.84,6299.28,6194.9725
58030,フジクラ,東証,2026/4/27,12:40:0,6366,6397,6362,6382,358600,6359.8,6322.44,6300.8667,6196.7761
58030,フジクラ,東証,2026/4/27,12:41:0,6383,6383,6365,6370,189000,6363.4,6325.52,6302.4133,6197.6582
58030,フジクラ,東証,2026/4/27,12:42:0,6372,6379,6359,6379,289600,6370,6329.04,6303.8133,6198.9712
58030,フジクラ,東証,2026/4/27,12:43:0,6377,6380,6365,6375,191600,6374.4,6332.44,6304.9067,6199.8504
58030,フジクラ,東証,2026/4/27,12:44:0,6375,6379,6371,6375,81700,6376.2,6335.96,6306.16,6200.2263
58030,フジクラ,東証,2026/4/27,12:45:0,6375,6375,6366,6367,133600,6373.2,6339.24,6307.1467,6200.8198
58030,フジクラ,東証,2026/4/27,12:46:0,6367,6368,6355,6363,137400,6371.8,6341.96,6308.0933,6201.3888
58030,フジクラ,東証,2026/4/27,12:47:0,6361,6364,6351,6355,103700,6367,6344.36,6308.9333,6201.803
58030,フジクラ,東証,2026/4/27,12:48:0,6355,6362,6352,6356,114800,6363.2,6347.08,6309.52,6202.2621
58030,フジクラ,東証,2026/4/27,12:49:0,6356,6357,6344,6348,166200,6357.8,6349.24,6310.1733,6202.8932
58030,フジクラ,東証,2026/4/27,12:50:0,6348,6368,6347,6364,148700,6357.2,6351.2,6311.12,6203.4909
58030,フジクラ,東証,2026/4/27,12:51:0,6363,6377,6363,6376,144500,6359.8,6353.84,6312.24,6204.1085
58030,フジクラ,東証,2026/4/27,12:52:0,6376,6381,6372,6380,175800,6364.8,6356.36,6313.3467,6204.8781
58030,フジクラ,東証,2026/4/27,12:53:0,6381,6382,6373,6377,110500,6369,6358.84,6314.56,6205.3625
58030,フジクラ,東証,2026/4/27,12:54:0,6376,6381,6368,6369,150900,6373.2,6360.8,6315.6533,6206.0108
58030,フジクラ,東証,2026/4/27,12:55:0,6370,6372,6363,6371,102300,6374.6,6362.64,6316.8133,6206.4273
58030,フジクラ,東証,2026/4/27,12:56:0,6370,6370,6356,6361,114700,6371.6,6363.6,6318,6206.8783
58030,フジクラ,東証,2026/4/27,12:57:0,6361,6368,6360,6362,63900,6368,6364.2,6319.1333,6207.1312
58030,フジクラ,東証,2026/4/27,12:58:0,6361,6366,6360,6364,37200,6365.4,6364.64,6320.3333,6207.2767
58030,フジクラ,東証,2026/4/27,12:59:0,6364,6364,6355,6356,91200,6362.8,6364.72,6321.3333,6207.6228
58030,フジクラ,東証,2026/4/27,13:0:0,6356,6358,6347,6354,172200,6359.4,6364.84,6322.32,6208.2474
58030,フジクラ,東証,2026/4/27,13:1:0,6354,6357,6351,6352,49900,6357.6,6364.84,6323.3467,6208.4278
58030,フジクラ,東証,2026/4/27,13:2:0,6351,6354,6345,6350,135000,6355.2,6365,6324.3067,6208.8983
58030,フジクラ,東証,2026/4/27,13:3:0,6351,6352,6343,6348,96200,6352,6364.8,6325.1867,6209.2253
58030,フジクラ,東証,2026/4/27,13:4:0,6349,6351,6335,6337,162000,6348.2,6363.64,6325.8,6209.758
58030,フジクラ,東証,2026/4/27,13:5:0,6336,6350,6335,6346,131200,6346.6,6362.2,6326.56,6210.1956
58030,フジクラ,東証,2026/4/27,13:6:0,6346,6354,6345,6349,75400,6346,6361.36,6327.2667,6210.4534
58030,フジクラ,東証,2026/4/27,13:7:0,6350,6352,6342,6347,64100,6345.4,6360.08,6327.92,6210.6674
58030,フジクラ,東証,2026/4/27,13:8:0,6347,6353,6345,6349,56500,6345.6,6359.04,6328.5867,6210.8596
58030,フジクラ,東証,2026/4/27,13:9:0,6350,6350,6344,6345,66100,6347.2,6357.84,6329.24,6211.0788
58030,フジクラ,東証,2026/4/27,13:10:0,6345,6349,6342,6345,65500,6347,6356.96,6329.84,6211.2936
58030,フジクラ,東証,2026/4/27,13:11:0,6345,6347,6341,6344,56600,6346,6356.2,6330.3867,6211.4767
58030,フジクラ,東証,2026/4/27,13:12:0,6344,6347,6338,6341,75200,6344.8,6355.64,6330.6933,6211.7146
58030,フジクラ,東証,2026/4/27,13:13:0,6341,6345,6338,6342,63700,6343.4,6355.08,6330.96,6211.9161
58030,フジクラ,東証,2026/4/27,13:14:0,6343,6343,6336,6342,58300,6342.8,6354.84,6331.64,6212.0961
58030,フジクラ,東証,2026/4/27,13:15:0,6341,6347,6339,6346,68900,6343,6354.12,6332.2667,6212.3149
58030,フジクラ,東証,2026/4/27,13:16:0,6345,6357,6345,6354,173600,6345,6353.24,6332.9333,6212.8992
58030,フジクラ,東証,2026/4/27,13:17:0,6354,6364,6353,6359,139800,6348.6,6352.4,6333.8533,6213.3912
58030,フジクラ,東証,2026/4/27,13:18:0,6360,6362,6356,6360,72000,6352.2,6351.72,6334.8533,6213.642
58030,フジクラ,東証,2026/4/27,13:19:0,6359,6364,6358,6360,79100,6355.8,6351.36,6335.8933,6213.9214
58030,フジクラ,東証,2026/4/27,13:20:0,6361,6371,6360,6369,149200,6360.4,6351.28,6336.96,6214.4669
58030,フジクラ,東証,2026/4/27,13:21:0,6369,6374,6355,6355,152300,6360.6,6351.04,6337.7333,6215.0114
58030,フジクラ,東証,2026/4/27,13:22:0,6355,6363,6355,6359,50800,6360.6,6350.92,6338.5467,6215.1845
58030,フジクラ,東証,2026/4/27,13:23:0,6359,6362,6357,6359,40500,6360.4,6350.72,6339.36,6215.3228
58030,フジクラ,東証,2026/4/27,13:24:0,6360,6360,6350,6354,85000,6359.2,6350.64,6340.1867,6215.6006
58030,フジクラ,東証,2026/4/27,13:25:0,6354,6356,6347,6349,81600,6355.2,6350.44,6340.9067,6215.8621
58030,フジクラ,東証,2026/4/27,13:26:0,6349,6357,6348,6356,59900,6355.4,6350.6,6342.0133,6216.0549
58030,フジクラ,東証,2026/4/27,13:27:0,6356,6356,6352,6353,33700,6354.2,6350.72,6342.88,6216.1642
58030,フジクラ,東証,2026/4/27,13:28:0,6352,6354,6349,6349,39600,6352.2,6350.76,6343.7067,6216.29
58030,フジクラ,東証,2026/4/27,13:29:0,6350,6351,6348,6348,37900,6351,6351.2,6344.56,6216.4086
58030,フジクラ,東証,2026/4/27,13:30:0,6348,6353,6348,6348,57800,6350.8,6351.28,6345.3067,6216.5905
58030,フジクラ,東証,2026/4/27,13:31:0,6348,6350,6346,6349,60900,6349.4,6351.28,6346.0533,6216.7783
58030,フジクラ,東証,2026/4/27,13:32:0,6349,6354,6348,6353,43800,6349.4,6351.52,6346.88,6216.916
58030,フジクラ,東証,2026/4/27,13:33:0,6354,6355,6344,6344,81000,6348.4,6351.32,6347.6,6217.1679
58030,フジクラ,東証,2026/4/27,13:34:0,6346,6346,6337,6340,94100,6346.8,6351.12,6348.3067,6217.4398
58030,フジクラ,東証,2026/4/27,13:35:0,6340,6344,6337,6343,92900,6345.8,6351.04,6349.08,6217.7052
58030,フジクラ,東証,2026/4/27,13:36:0,6343,6346,6340,6346,64300,6345.2,6351.12,6349.76,6217.8916
58030,フジクラ,東証,2026/4/27,13:37:0,6345,6351,6345,6350,45300,6344.6,6351.48,6350.4933,6218.0288
58030,フジクラ,東証,2026/4/27,13:38:0,6350,6350,6345,6348,46800,6345.4,6351.72,6351.2933,6218.1698
58030,フジクラ,東証,2026/4/27,13:39:0,6349,6350,6348,6348,26000,6347,6351.96,6352.0133,6218.2486
58030,フジクラ,東証,2026/4/27,13:40:0,6348,6348,6343,6346,41700,6347.6,6351.96,6352.4267,6218.3711
58030,フジクラ,東証,2026/4/27,13:41:0,6346,6349,6344,6344,29100,6347.2,6351.56,6352.88,6218.457
58030,フジクラ,東証,2026/4/27,13:42:0,6344,6349,6344,6347,41100,6346.6,6351.08,6353.28,6218.579
58030,フジクラ,東証,2026/4/27,13:43:0,6348,6350,6345,6349,47000,6346.8,6350.64,6353.7333,6218.7199
58030,フジクラ,東証,2026/4/27,13:44:0,6349,6357,6349,6355,103200,6348.2,6350.44,6354.2,6219.0397
58030,フジクラ,東証,2026/4/27,13:45:0,6354,6355,6345,6346,54000,6348.2,6349.52,6354.48,6219.2016
58030,フジクラ,東証,2026/4/27,13:46:0,6346,6348,6343,6345,36300,6348.4,6349.12,6354.5867,6219.3068
58030,フジクラ,東証,2026/4/27,13:47:0,6344,6346,6341,6342,50600,6347.4,6348.44,6354.52,6219.4509
58030,フジクラ,東証,2026/4/27,13:48:0,6344,6345,6343,6344,17400,6346.4,6347.84,6354.4,6219.5006
58030,フジクラ,東証,2026/4/27,13:49:0,6344,6347,6343,6345,39500,6344.4,6347.48,6354.28,6219.6143
58030,フジクラ,東証,2026/4/27,13:50:0,6343,6344,6340,6340,73000,6343.2,6347.12,6354.1333,6219.8176
58030,フジクラ,東証,2026/4/27,13:51:0,6341,6348,6341,6346,63100,6343.4,6346.72,6354.0533,6219.999
58030,フジクラ,東証,2026/4/27,13:52:0,6346,6347,6342,6344,45800,6343.8,6346.36,6354.0267,6220.1291
58030,フジクラ,東証,2026/4/27,13:53:0,6345,6356,6343,6355,127900,6346,6346.6,6354.0533,6220.5069
58030,フジクラ,東証,2026/4/27,13:54:0,6355,6359,6351,6359,82000,6348.8,6347.04,6353.96,6220.7578
58030,フジクラ,東証,2026/4/27,13:55:0,6359,6363,6358,6359,116100,6352.6,6347.48,6353.6533,6221.127
58030,フジクラ,東証,2026/4/27,13:56:0,6358,6359,6348,6354,85200,6354.2,6347.68,6353.44,6221.3809
58030,フジクラ,東証,2026/4/27,13:57:0,6354,6359,6351,6351,36500,6355.6,6347.6,6353.0667,6221.491
58030,フジクラ,東証,2026/4/27,13:58:0,6353,6362,6351,6360,88900,6356.6,6348.24,6352.8667,6221.7657
58030,フジクラ,東証,2026/4/27,13:59:0,6360,6369,6359,6363,99300,6357.4,6349.16,6352.7067,6222.0849
58030,フジクラ,東証,2026/4/27,14:0:0,6364,6369,6364,6365,55700,6358.6,6350.04,6352.68,6222.2654
58030,フジクラ,東証,2026/4/27,14:1:0,6366,6374,6360,6374,121900,6362.6,6351.16,6352.8267,6222.6634
58030,フジクラ,東証,2026/4/27,14:2:0,6373,6375,6367,6368,95900,6366,6351.88,6353,6222.9825
58030,フジクラ,東証,2026/4/27,14:3:0,6368,6373,6368,6371,50500,6368.2,6352.8,6353.2,6223.1494
58030,フジクラ,東証,2026/4/27,14:4:0,6371,6371,6363,6366,80100,6368.8,6353.52,6353.44,6223.4049
58030,フジクラ,東証,2026/4/27,14:5:0,6366,6367,6353,6356,115100,6367,6353.92,6353.3333,6223.7536
58030,フジクラ,東証,2026/4/27,14:6:0,6355,6361,6353,6356,45600,6363.4,6354.4,6353.0667,6223.8884
58030,フジクラ,東証,2026/4/27,14:7:0,6356,6360,6353,6359,43800,6361.6,6354.88,6352.7867,6224.0177
58030,フジクラ,東証,2026/4/27,14:8:0,6360,6364,6356,6359,50900,6359.2,6355.28,6352.5467,6224.1716
58030,フジクラ,東証,2026/4/27,14:9:0,6359,6366,6358,6365,52800,6359,6355.68,6352.4933,6224.333
58030,フジクラ,東証,2026/4/27,14:10:0,6365,6370,6361,6367,57600,6361.2,6356.52,6352.44,6224.5141
58030,フジクラ,東証,2026/4/27,14:11:0,6368,6371,6365,6365,75400,6363,6357.32,6352.4933,6224.7541
58030,フジクラ,東証,2026/4/27,14:12:0,6365,6370,6364,6368,40100,6364.8,6358.36,6352.5733,6224.8788
58030,フジクラ,東証,2026/4/27,14:13:0,6368,6368,6361,6362,50500,6365.4,6359.08,6352.5467,6225.0325
58030,フジクラ,東証,2026/4/27,14:14:0,6361,6362,6347,6353,150600,6363,6359.4,6352.5067,6225.459
58030,フジクラ,東証,2026/4/27,14:15:0,6353,6357,6351,6351,62100,6359.8,6359.84,6352.4667,6225.6341
58030,フジクラ,東証,2026/4/27,14:16:0,6351,6356,6347,6355,60300,6357.8,6360.2,6352.5067,6225.801
58030,フジクラ,東証,2026/4/27,14:17:0,6355,6358,6349,6352,48800,6354.6,6360.52,6352.5333,6225.9375
58030,フジクラ,東証,2026/4/27,14:18:0,6353,6358,6353,6357,36000,6353.6,6360.6,6352.6533,6226.0388
58030,フジクラ,東証,2026/4/27,14:19:0,6357,6362,6355,6358,47100,6354.6,6360.56,6352.9333,6226.1748
58030,フジクラ,東証,2026/4/27,14:20:0,6358,6367,6358,6361,85100,6356.6,6360.64,6353.1333,6226.4282
58030,フジクラ,東証,2026/4/27,14:21:0,6360,6363,6357,6362,29000,6358,6360.96,6353.3067,6226.5131
58030,フジクラ,東証,2026/4/27,14:22:0,6361,6366,6361,6366,45400,6360.8,6361.56,6353.56,6226.6491
58030,フジクラ,東証,2026/4/27,14:23:0,6366,6374,6364,6374,116200,6364.2,6362.12,6353.8933,6227.0091
58030,フジクラ,東証,2026/4/27,14:24:0,6374,6374,6369,6370,35000,6366.6,6362.4,6354.2267,6227.1186
58030,フジクラ,東証,2026/4/27,14:25:0,6371,6372,6364,6365,48000,6367.4,6362.4,6354.4933,6227.2647
58030,フジクラ,東証,2026/4/27,14:26:0,6365,6369,6364,6367,35600,6368.4,6362.12,6354.8,6227.3718
58030,フジクラ,東証,2026/4/27,14:27:0,6367,6368,6363,6366,32600,6368.4,6362.04,6355.1333,6227.4693
58030,フジクラ,東証,2026/4/27,14:28:0,6367,6370,6366,6367,46100,6367,6361.88,6355.4667,6227.6096
58030,フジクラ,東証,2026/4/27,14:29:0,6366,6367,6360,6362,58000,6365.4,6361.72,6355.7333,6227.779
58030,フジクラ,東証,2026/4/27,14:30:0,6362,6365,6351,6352,84600,6362.8,6361.56,6355.8133,6228.0137
58030,フジクラ,東証,2026/4/27,14:31:0,6352,6356,6348,6356,84100,6360.6,6361.56,6355.84,6228.2387
58030,フジクラ,東証,2026/4/27,14:32:0,6355,6360,6353,6359,43600,6359.2,6361.56,6355.84,6228.3588
58030,フジクラ,東証,2026/4/27,14:33:0,6359,6359,6353,6357,43800,6357.2,6361.48,6355.8,6228.4786
58030,フジクラ,東証,2026/4/27,14:34:0,6356,6358,6351,6354,40700,6355.6,6361.04,6355.72,6228.5886
58030,フジクラ,東証,2026/4/27,14:35:0,6355,6356,6348,6352,78000,6355.6,6360.44,6355.4933,6228.7937
58030,フジクラ,東証,2026/4/27,14:36:0,6352,6356,6351,6355,44700,6355.4,6360.04,6355.4933,6228.9134
58030,フジクラ,東証,2026/4/27,14:37:0,6355,6355,6349,6351,40500,6353.8,6359.36,6355.3867,6229.0198
58030,フジクラ,東証,2026/4/27,14:38:0,6351,6352,6345,6347,102400,6351.8,6358.76,6355.2267,6229.2802
58030,フジクラ,東証,2026/4/27,14:39:0,6348,6351,6333,6345,193900,6350,6358.44,6355.1067,6229.7465
58030,フジクラ,東証,2026/4/27,14:40:0,6345,6353,6345,6349,70000,6349.4,6358.36,6355.1067,6229.9241
58030,フジクラ,東証,2026/4/27,14:41:0,6349,6354,6348,6354,64600,6349.2,6358.32,6355.08,6230.0903
58030,フジクラ,東証,2026/4/27,14:42:0,6353,6355,6350,6351,59700,6349.2,6358.28,6355.0533,6230.2452
58030,フジクラ,東証,2026/4/27,14:43:0,6351,6355,6350,6350,45200,6349.8,6358,6355.0667,6230.3617
58030,フジクラ,東証,2026/4/27,14:44:0,6350,6351,6343,6345,60100,6349.8,6357.48,6355.0267,6230.51
58030,フジクラ,東証,2026/4/27,14:45:0,6345,6345,6336,6344,104500,6348.8,6356.8,6354.9733,6230.7527
58030,フジクラ,東証,2026/4/27,14:46:0,6344,6347,6340,6347,55800,6347.4,6356.2,6354.9467,6230.8854
58030,フジクラ,東証,2026/4/27,14:47:0,6347,6349,6341,6342,43600,6345.6,6355.24,6354.8,6230.9906
58030,フジクラ,東証,2026/4/27,14:48:0,6341,6347,6336,6346,91200,6344.8,6354.12,6354.8267,6231.2012
58030,フジクラ,東証,2026/4/27,14:49:0,6345,6349,6343,6346,62700,6345,6353.16,6354.9067,6231.3512
58030,フジクラ,東証,2026/4/27,14:50:0,6348,6349,6340,6343,58600,6344.8,6352.28,6354.9067,6231.4874
58030,フジクラ,東証,2026/4/27,14:51:0,6343,6349,6341,6347,57000,6344.8,6351.48,6354.92,6231.6235
58030,フジクラ,東証,2026/4/27,14:52:0,6346,6352,6343,6348,95900,6346,6350.76,6354.8933,6231.8579
58030,フジクラ,東証,2026/4/27,14:53:0,6347,6351,6344,6350,50700,6346.8,6350.08,6354.92,6231.9811
58030,フジクラ,東証,2026/4/27,14:54:0,6350,6350,6345,6349,47400,6347.4,6349.56,6354.9333,6232.0956
58030,フジクラ,東証,2026/4/27,14:55:0,6349,6350,6339,6349,100000,6348.6,6349.44,6354.9733,6232.3275
58030,フジクラ,東証,2026/4/27,14:56:0,6350,6350,6344,6346,40600,6348.4,6349.04,6355,6232.4245
58030,フジクラ,東証,2026/4/27,14:57:0,6348,6349,6341,6345,52300,6347.8,6348.48,6354.9733,6232.5457
58030,フジクラ,東証,2026/4/27,14:58:0,6345,6345,6335,6335,83700,6344.8,6347.6,6354.7867,6232.7301
58030,フジクラ,東証,2026/4/27,14:59:0,6336,6336,6317,6322,242200,6339.4,6346.32,6354.3467,6233.1951
58030,フジクラ,東証,2026/4/27,15:0:0,6322,6331,6315,6317,120100,6333,6344.92,6353.96,6233.4158
58030,フジクラ,東証,2026/4/27,15:1:0,6318,6332,6313,6329,121100,6329.6,6343.88,6353.7467,6233.6349
58030,フジクラ,東証,2026/4/27,15:2:0,6328,6334,6319,6325,83000,6325.6,6342.84,6353.52,6233.7933
58030,フジクラ,東証,2026/4/27,15:3:0,6325,6326,6312,6320,102000,6322.6,6341.76,6353.2,6233.9707
58030,フジクラ,東証,2026/4/27,15:4:0,6318,6318,6310,6315,83500,6321.2,6340.56,6352.8,6234.1058
58030,フジクラ,東証,2026/4/27,15:5:0,6315,6323,6302,6321,165200,6322,6339.44,6352.5467,6234.3688
58030,フジクラ,東証,2026/4/27,15:6:0,6322,6326,6315,6316,86000,6319.4,6337.92,6352.1467,6234.5214
58030,フジクラ,東証,2026/4/27,15:7:0,6316,6319,6311,6315,70000,6317.4,6336.48,6351.76,6234.6353
58030,フジクラ,東証,2026/4/27,15:8:0,6315,6317,6305,6316,99200,6316.6,6335.12,6351.24,6234.7911
58030,フジクラ,東証,2026/4/27,15:9:0,6315,6324,6315,6321,106400,6317.8,6334.16,6350.7333,6234.9735
58030,フジクラ,東証,2026/4/27,15:10:0,6321,6328,6319,6324,88200,6318.4,6333.36,6350.2667,6235.1308
58030,フジクラ,東証,2026/4/27,15:11:0,6325,6329,6322,6327,79000,6320.6,6332.56,6349.9067,6235.2757
58030,フジクラ,東証,2026/4/27,15:12:0,6328,6332,6326,6331,76800,6323.8,6332.12,6349.64,6235.4212
58030,フジクラ,東証,2026/4/27,15:13:0,6331,6343,6329,6343,121400,6329.2,6332,6349.4133,6235.6723
58030,フジクラ,東証,2026/4/27,15:14:0,6342,6346,6340,6345,79800,6334,6331.96,6349.1733,6235.8439
58030,フジクラ,東証,2026/4/27,15:15:0,6346,6346,6335,6340,103800,6337.2,6331.84,6348.84,6236.0581
58030,フジクラ,東証,2026/4/27,15:16:0,6340,6341,6331,6334,92500,6338.6,6331.32,6348.3067,6236.2442
58030,フジクラ,東証,2026/4/27,15:17:0,6333,6338,6328,6333,59100,6339,6330.72,6347.84,6236.3578
58030,フジクラ,東証,2026/4/27,15:18:0,6333,6340,6330,6339,70600,6338.2,6330.28,6347.4133,6236.497
58030,フジクラ,東証,2026/4/27,15:19:0,6338,6344,6335,6342,145400,6337.6,6330,6347.0933,6236.7951
58030,フジクラ,東証,2026/4/27,15:20:0,6342,6345,6336,6343,98300,6338.2,6329.76,6346.92,6236.9959
58030,フジクラ,東証,2026/4/27,15:21:0,6343,6352,6343,6350,160100,6341.4,6329.92,6346.84,6237.3449
58030,フジクラ,東証,2026/4/27,15:22:0,6349,6355,6346,6353,122900,6345.4,6330.24,6346.76,6237.6195
58030,フジクラ,東証,2026/4/27,15:23:0,6351,6353,6350,6351,48800,6347.8,6330.88,6346.6533,6237.7287
58030,フジクラ,東証,2026/4/27,15:24:0,6351,6352,6345,6350,182600,6349.4,6332,6346.4533,6238.1278
58030,フジクラ,東証,2026/4/27,15:25:0,-,-,-,-,0,6350.8,6333.32,6346.2267,6238.1278
58030,フジクラ,東証,2026/4/27,15:26:0,-,-,-,-,0,6350.8,6334.16,6346.0267,6238.1278
58030,フジクラ,東証,2026/4/27,15:27:0,-,-,-,-,0,6350.2,6335.16,6345.7867,6238.1278
58030,フジクラ,東証,2026/4/27,15:28:0,-,-,-,-,0,6350,6336.36,6345.6267,6238.1278
58030,フジクラ,東証,2026/4/27,15:29:0,-,-,-,-,0,6350,6337.76,6345.5867,6238.1278
58030,フジクラ,東証,2026/4/27,15:30:0,6347,6347,6347,6347,1637800,6349.4,6338.8,6345.5333,6241.5087